Idx	nodeId	ClsNo	subject
0	31336	3	Neural_Networks
1	1061127	6	Rule_Learning
2	1106406	1	Reinforcement_Learning
3	13195	1	Reinforcement_Learning
4	37879	4	Probabilistic_Methods
5	1126012	4	Probabilistic_Methods
6	1107140	0	Theory
7	1102850	3	Neural_Networks
8	31349	3	Neural_Networks
9	1106418	0	Theory
10	1123188	3	Neural_Networks
11	1128990	2	Genetic_Algorithms
12	109323	4	Probabilistic_Methods
13	217139	5	Case_Based
14	31353	3	Neural_Networks
15	32083	3	Neural_Networks
16	1126029	1	Reinforcement_Learning
17	1118017	3	Neural_Networks
18	49482	3	Neural_Networks
19	753265	3	Neural_Networks
20	249858	0	Theory
21	1113739	1	Reinforcement_Learning
22	48766	2	Genetic_Algorithms
23	646195	4	Probabilistic_Methods
24	1126050	1	Reinforcement_Learning
25	59626	0	Theory
26	340299	3	Neural_Networks
27	354004	4	Probabilistic_Methods
28	242637	3	Neural_Networks
29	1106492	6	Rule_Learning
30	74975	5	Case_Based
31	1152272	3	Neural_Networks
32	100701	5	Case_Based
33	66982	3	Neural_Networks
34	13960	1	Reinforcement_Learning
35	13966	1	Reinforcement_Learning
36	66990	3	Neural_Networks
37	182093	1	Reinforcement_Learning
38	182094	2	Genetic_Algorithms
39	13972	1	Reinforcement_Learning
40	13982	0	Theory
41	16819	4	Probabilistic_Methods
42	273152	2	Genetic_Algorithms
43	237521	3	Neural_Networks
44	1153703	5	Case_Based
45	32872	1	Reinforcement_Learning
46	284025	3	Neural_Networks
47	218666	5	Case_Based
48	16843	4	Probabilistic_Methods
49	1153724	5	Case_Based
50	1153728	5	Case_Based
51	158098	4	Probabilistic_Methods
52	8699	0	Theory
53	1134865	2	Genetic_Algorithms
54	28456	0	Theory
55	248425	2	Genetic_Algorithms
56	1112319	0	Theory
57	28471	1	Reinforcement_Learning
58	175548	3	Neural_Networks
59	696345	3	Neural_Networks
60	28485	1	Reinforcement_Learning
61	1139195	5	Case_Based
62	35778	4	Probabilistic_Methods
63	28491	1	Reinforcement_Learning
64	310530	5	Case_Based
65	1153784	2	Genetic_Algorithms
66	1481	5	Case_Based
67	1153786	4	Probabilistic_Methods
68	13212	3	Neural_Networks
69	1111614	5	Case_Based
70	5055	0	Theory
71	4329	4	Probabilistic_Methods
72	330148	3	Neural_Networks
73	1105062	1	Reinforcement_Learning
74	4330	4	Probabilistic_Methods
75	5062	5	Case_Based
76	4335	4	Probabilistic_Methods
77	158812	3	Neural_Networks
78	40124	0	Theory
79	1103610	0	Theory
80	688361	3	Neural_Networks
81	302545	4	Probabilistic_Methods
82	20534	1	Reinforcement_Learning
83	1031453	3	Neural_Networks
84	5086	4	Probabilistic_Methods
85	193742	1	Reinforcement_Learning
86	58268	6	Rule_Learning
87	424	6	Rule_Learning
88	40151	0	Theory
89	636098	0	Theory
90	260121	3	Neural_Networks
91	950052	3	Neural_Networks
92	434	1	Reinforcement_Learning
93	1131270	4	Probabilistic_Methods
94	1131274	4	Probabilistic_Methods
95	1131277	4	Probabilistic_Methods
96	1110947	5	Case_Based
97	662279	3	Neural_Networks
98	1139928	0	Theory
99	153063	4	Probabilistic_Methods
100	134199	2	Genetic_Algorithms
101	641956	3	Neural_Networks
102	20584	3	Neural_Networks
103	1130567	1	Reinforcement_Learning
104	171225	3	Neural_Networks
105	714879	4	Probabilistic_Methods
106	37998	6	Rule_Learning
107	50336	4	Probabilistic_Methods
108	50337	4	Probabilistic_Methods
109	15429	0	Theory
110	23448	3	Neural_Networks
111	1122574	3	Neural_Networks
112	1110998	3	Neural_Networks
113	853150	3	Neural_Networks
114	15431	0	Theory
115	646286	4	Probabilistic_Methods
116	1152307	5	Case_Based
117	1115291	4	Probabilistic_Methods
118	1106547	1	Reinforcement_Learning
119	68463	6	Rule_Learning
120	59715	2	Genetic_Algorithms
121	69198	3	Neural_Networks
122	7272	3	Neural_Networks
123	163235	3	Neural_Networks
124	7276	3	Neural_Networks
125	34315	3	Neural_Networks
126	644843	4	Probabilistic_Methods
127	7297	3	Neural_Networks
128	628815	1	Reinforcement_Learning
129	35061	2	Genetic_Algorithms
130	68495	0	Theory
131	1136310	4	Probabilistic_Methods
132	18313	1	Reinforcement_Learning
133	34355	3	Neural_Networks
134	45212	3	Neural_Networks
135	1153091	6	Rule_Learning
136	8703	6	Rule_Learning
137	126920	4	Probabilistic_Methods
138	126927	4	Probabilistic_Methods
139	595157	2	Genetic_Algorithms
140	140005	0	Theory
141	1117476	2	Genetic_Algorithms
142	59798	3	Neural_Networks
143	219446	3	Neural_Networks
144	44514	3	Neural_Networks
145	287787	2	Genetic_Algorithms
146	157401	3	Neural_Networks
147	1154500	5	Case_Based
148	682666	1	Reinforcement_Learning
149	399173	5	Case_Based
150	198866	5	Case_Based
151	51834	0	Theory
152	200630	3	Neural_Networks
153	782486	3	Neural_Networks
154	1136393	3	Neural_Networks
155	137849	4	Probabilistic_Methods
156	1153811	6	Rule_Learning
157	24966	0	Theory
158	11148	6	Rule_Learning
159	51866	0	Theory
160	24974	3	Neural_Networks
161	137868	4	Probabilistic_Methods
162	28542	1	Reinforcement_Learning
163	35	2	Genetic_Algorithms
164	116021	0	Theory
165	348305	6	Rule_Learning
166	10430	5	Case_Based
167	39403	1	Reinforcement_Learning
168	40	2	Genetic_Algorithms
169	282700	3	Neural_Networks
170	1105116	4	Probabilistic_Methods
171	35854	0	Theory
172	63477	5	Case_Based
173	124064	1	Reinforcement_Learning
174	1120431	3	Neural_Networks
175	949318	3	Neural_Networks
176	649944	6	Rule_Learning
177	63486	0	Theory
178	1153866	6	Rule_Learning
179	1140040	3	Neural_Networks
180	1112426	3	Neural_Networks
181	239800	0	Theory
182	1131314	4	Probabilistic_Methods
183	1153891	5	Case_Based
184	1129835	6	Rule_Learning
185	310653	4	Probabilistic_Methods
186	1130600	1	Reinforcement_Learning
187	1111733	3	Neural_Networks
188	210871	2	Genetic_Algorithms
189	210872	2	Genetic_Algorithms
190	1132083	3	Neural_Networks
191	132806	2	Genetic_Algorithms
192	12631	3	Neural_Networks
193	12638	3	Neural_Networks
194	38771	3	Neural_Networks
195	232605	6	Rule_Learning
196	232606	6	Rule_Learning
197	1107312	1	Reinforcement_Learning
198	1114605	3	Neural_Networks
199	68505	0	Theory
200	133553	3	Neural_Networks
201	144408	3	Neural_Networks
202	23502	3	Neural_Networks
203	1108050	3	Neural_Networks
204	23507	3	Neural_Networks
205	83826	3	Neural_Networks
206	133563	3	Neural_Networks
207	85299	3	Neural_Networks
208	49660	0	Theory
209	593060	2	Genetic_Algorithms
210	341188	1	Reinforcement_Learning
211	714975	4	Probabilistic_Methods
212	1115375	3	Neural_Networks
213	95435	1	Reinforcement_Learning
214	145176	3	Neural_Networks
215	1113934	5	Case_Based
216	1132809	6	Rule_Learning
217	22835	3	Neural_Networks
218	1153148	4	Probabilistic_Methods
219	41714	2	Genetic_Algorithms
220	1118245	1	Reinforcement_Learning
221	1152436	5	Case_Based
222	1153166	5	Case_Based
223	1153169	6	Rule_Learning
224	38000	6	Rule_Learning
225	1152448	5	Case_Based
226	1137140	3	Neural_Networks
227	30895	0	Theory
228	5966	2	Genetic_Algorithms
229	1136422	3	Neural_Networks
230	27174	3	Neural_Networks
231	1128407	5	Case_Based
232	1124844	3	Neural_Networks
233	1153195	3	Neural_Networks
234	1113995	3	Neural_Networks
235	1136442	3	Neural_Networks
236	8821	5	Case_Based
237	46079	2	Genetic_Algorithms
238	119761	3	Neural_Networks
239	1111052	1	Reinforcement_Learning
240	315789	2	Genetic_Algorithms
241	1108841	3	Neural_Networks
242	1135746	0	Theory
243	100935	2	Genetic_Algorithms
244	353541	3	Neural_Networks
245	60682	5	Case_Based
246	253762	4	Probabilistic_Methods
247	8872	1	Reinforcement_Learning
248	714260	4	Probabilistic_Methods
249	137956	6	Rule_Learning
250	35922	4	Probabilistic_Methods
251	2354	0	Theory
252	168410	1	Reinforcement_Learning
253	346292	3	Neural_Networks
254	1153933	3	Neural_Networks
255	1119751	0	Theory
256	17798	5	Case_Based
257	400356	3	Neural_Networks
258	10531	3	Neural_Networks
259	1110390	5	Case_Based
260	714289	4	Probabilistic_Methods
261	733167	3	Neural_Networks
262	81714	5	Case_Based
263	428610	3	Neural_Networks
264	552469	0	Theory
265	164885	2	Genetic_Algorithms
266	81722	5	Case_Based
267	111866	0	Theory
268	194617	3	Neural_Networks
269	93318	3	Neural_Networks
270	134307	4	Probabilistic_Methods
271	203646	3	Neural_Networks
272	367312	3	Neural_Networks
273	650814	2	Genetic_Algorithms
274	93320	1	Reinforcement_Learning
275	134315	4	Probabilistic_Methods
276	134316	4	Probabilistic_Methods
277	976334	1	Reinforcement_Learning
278	1095507	4	Probabilistic_Methods
279	134320	4	Probabilistic_Methods
280	662416	4	Probabilistic_Methods
281	194645	1	Reinforcement_Learning
282	1131421	3	Neural_Networks
283	161221	3	Neural_Networks
284	38839	5	Case_Based
285	38846	5	Case_Based
286	133615	6	Rule_Learning
287	1112574	0	Theory
288	521207	5	Case_Based
289	3828	5	Case_Based
290	593105	2	Genetic_Algorithms
291	390693	3	Neural_Networks
292	642847	4	Probabilistic_Methods
293	1122704	3	Neural_Networks
294	4584	1	Reinforcement_Learning
295	7419	1	Reinforcement_Learning
296	30901	0	Theory
297	1115456	3	Neural_Networks
298	7432	1	Reinforcement_Learning
299	573553	0	Theory
300	1022969	5	Case_Based
301	143801	3	Neural_Networks
302	612306	6	Rule_Learning
303	417017	5	Case_Based
304	396412	3	Neural_Networks
305	1107455	1	Reinforcement_Learning
306	91975	1	Reinforcement_Learning
307	180187	6	Rule_Learning
308	27203	0	Theory
309	1152508	2	Genetic_Algorithms
310	69392	3	Neural_Networks
311	1118332	3	Neural_Networks
312	189577	4	Probabilistic_Methods
313	1114777	5	Case_Based
314	75969	6	Rule_Learning
315	1132922	3	Neural_Networks
316	1153254	6	Rule_Learning
317	1117618	0	Theory
318	6767	5	Case_Based
319	27241	0	Theory
320	27246	3	Neural_Networks
321	95589	1	Reinforcement_Learning
322	6771	0	Theory
323	86840	0	Theory
324	108962	4	Probabilistic_Methods
325	6786	4	Probabilistic_Methods
326	108963	4	Probabilistic_Methods
327	108974	4	Probabilistic_Methods
328	1117653	3	Neural_Networks
329	1152569	2	Genetic_Algorithms
330	1132968	3	Neural_Networks
331	370366	3	Neural_Networks
332	108983	4	Probabilistic_Methods
333	399339	1	Reinforcement_Learning
334	64319	0	Theory
335	1110426	6	Rule_Learning
336	1102407	3	Neural_Networks
337	1127812	3	Neural_Networks
338	1128542	3	Neural_Networks
339	65057	4	Probabilistic_Methods
340	159084	3	Neural_Networks
341	159085	3	Neural_Networks
342	65074	4	Probabilistic_Methods
343	33895	2	Genetic_Algorithms
344	2440	6	Rule_Learning
345	1717	4	Probabilistic_Methods
346	249421	3	Neural_Networks
347	3187	4	Probabilistic_Methods
348	591016	6	Rule_Learning
349	1110494	3	Neural_Networks
350	29492	3	Neural_Networks
351	400473	3	Neural_Networks
352	644334	4	Probabilistic_Methods
353	949511	3	Neural_Networks
354	205192	3	Neural_Networks
355	763009	3	Neural_Networks
356	169280	3	Neural_Networks
357	1120643	2	Genetic_Algorithms
358	645088	4	Probabilistic_Methods
359	5348	3	Neural_Networks
360	124296	3	Neural_Networks
361	1121398	2	Genetic_Algorithms
362	950305	3	Neural_Networks
363	567018	3	Neural_Networks
364	52000	3	Neural_Networks
365	52003	3	Neural_Networks
366	52007	3	Neural_Networks
367	58540	1	Reinforcement_Learning
368	436796	3	Neural_Networks
369	948846	3	Neural_Networks
370	8213	1	Reinforcement_Learning
371	671293	4	Probabilistic_Methods
372	1131550	2	Genetic_Algorithms
373	899119	6	Rule_Learning
374	1105394	1	Reinforcement_Learning
375	85452	0	Theory
376	1112686	4	Probabilistic_Methods
377	69418	3	Neural_Networks
378	8224	0	Theory
379	145315	6	Rule_Learning
380	575077	2	Genetic_Algorithms
381	20850	0	Theory
382	44017	0	Theory
383	1135125	3	Neural_Networks
384	286562	3	Neural_Networks
385	1123553	1	Reinforcement_Learning
386	1135137	3	Neural_Networks
387	325314	3	Neural_Networks
388	662572	3	Neural_Networks
389	159897	4	Probabilistic_Methods
390	1130856	2	Genetic_Algorithms
391	96335	3	Neural_Networks
392	755082	4	Probabilistic_Methods
393	1123576	3	Neural_Networks
394	1103979	3	Neural_Networks
395	593260	2	Genetic_Algorithms
396	601567	6	Rule_Learning
397	1119140	3	Neural_Networks
398	189655	4	Probabilistic_Methods
399	31769	3	Neural_Networks
400	1107567	0	Theory
401	88356	4	Probabilistic_Methods
402	1033	2	Genetic_Algorithms
403	1034	2	Genetic_Algorithms
404	1106849	3	Neural_Networks
405	16470	3	Neural_Networks
406	35343	3	Neural_Networks
407	16471	3	Neural_Networks
408	1154074	3	Neural_Networks
409	16476	3	Neural_Networks
410	23774	1	Reinforcement_Learning
411	16485	3	Neural_Networks
412	136665	1	Reinforcement_Learning
413	94953	3	Neural_Networks
414	9708	5	Case_Based
415	38205	2	Genetic_Algorithms
416	645897	4	Probabilistic_Methods
417	216877	6	Rule_Learning
418	18619	0	Theory
419	559804	4	Probabilistic_Methods
420	6898	3	Neural_Networks
421	166420	0	Theory
422	787016	2	Genetic_Algorithms
423	73146	4	Probabilistic_Methods
424	1136634	0	Theory
425	1111230	1	Reinforcement_Learning
426	3218	6	Rule_Learning
427	3229	3	Neural_Networks
428	193347	6	Rule_Learning
429	84020	4	Probabilistic_Methods
430	3231	0	Theory
431	52847	0	Theory
432	193352	6	Rule_Learning
433	193354	6	Rule_Learning
434	1110531	5	Case_Based
435	686532	3	Neural_Networks
436	711598	0	Theory
437	1063773	3	Neural_Networks
438	3243	0	Theory
439	78994	3	Neural_Networks
440	181782	1	Reinforcement_Learning
441	284414	5	Case_Based
442	114189	4	Probabilistic_Methods
443	686559	3	Neural_Networks
444	253971	3	Neural_Networks
445	1106103	5	Case_Based
446	1114125	1	Reinforcement_Learning
447	75318	3	Neural_Networks
448	45599	2	Genetic_Algorithms
449	97892	5	Case_Based
450	446271	4	Probabilistic_Methods
451	1106112	1	Reinforcement_Learning
452	280876	4	Probabilistic_Methods
453	12182	0	Theory
454	175909	5	Case_Based
455	64484	1	Reinforcement_Learning
456	6125	0	Theory
457	1120713	5	Case_Based
458	1114153	3	Neural_Networks
459	12197	0	Theory
460	248823	1	Reinforcement_Learning
461	919885	3	Neural_Networks
462	94229	3	Neural_Networks
463	1120731	1	Reinforcement_Learning
464	23069	4	Probabilistic_Methods
465	6151	1	Reinforcement_Learning
466	6155	1	Reinforcement_Learning
467	23070	4	Probabilistic_Methods
468	644448	4	Probabilistic_Methods
469	1112723	3	Neural_Networks
470	31097	5	Case_Based
471	6169	1	Reinforcement_Learning
472	1106172	1	Reinforcement_Learning
473	6170	1	Reinforcement_Learning
474	211875	3	Neural_Networks
475	1109017	2	Genetic_Algorithms
476	5454	3	Neural_Networks
477	6184	1	Reinforcement_Learning
478	10796	5	Case_Based
479	10798	5	Case_Based
480	1120777	3	Neural_Networks
481	86258	0	Theory
482	154134	5	Case_Based
483	6196	1	Reinforcement_Learning
484	20920	4	Probabilistic_Methods
485	20923	4	Probabilistic_Methods
486	22386	5	Case_Based
487	1131639	3	Neural_Networks
488	77515	0	Theory
489	93555	3	Neural_Networks
490	17201	1	Reinforcement_Learning
491	644494	4	Probabilistic_Methods
492	17208	1	Reinforcement_Learning
493	1125082	2	Genetic_Algorithms
494	1131647	3	Neural_Networks
495	74698	4	Probabilistic_Methods
496	13652	3	Neural_Networks
497	20942	0	Theory
498	390894	4	Probabilistic_Methods
499	390896	4	Probabilistic_Methods
500	1125092	1	Reinforcement_Learning
501	13656	3	Neural_Networks
502	1116347	1	Reinforcement_Learning
503	13658	3	Neural_Networks
504	114966	3	Neural_Networks
505	120013	3	Neural_Networks
506	1117089	1	Reinforcement_Learning
507	57948	0	Theory
508	334153	0	Theory
509	160732	6	Rule_Learning
510	1154103	4	Probabilistic_Methods
511	12946	4	Probabilistic_Methods
512	1104787	3	Neural_Networks
513	17242	4	Probabilistic_Methods
514	321861	0	Theory
515	189721	4	Probabilistic_Methods
516	1119211	3	Neural_Networks
517	12960	0	Theory
518	95718	0	Theory
519	6910	3	Neural_Networks
520	180373	3	Neural_Networks
521	6917	6	Rule_Learning
522	358884	0	Theory
523	887	2	Genetic_Algorithms
524	180399	3	Neural_Networks
525	358894	0	Theory
526	1154169	3	Neural_Networks
527	120084	3	Neural_Networks
528	1120019	3	Neural_Networks
529	1152711	3	Neural_Networks
530	1154176	2	Genetic_Algorithms
531	424540	3	Neural_Networks
532	1118546	4	Probabilistic_Methods
533	643003	4	Probabilistic_Methods
534	112099	5	Case_Based
535	1104007	0	Theory
536	1120049	3	Neural_Networks
537	175256	2	Genetic_Algorithms
538	45605	2	Genetic_Algorithms
539	15889	5	Case_Based
540	35490	5	Case_Based
541	221302	5	Case_Based
542	562123	3	Neural_Networks
543	1104031	5	Case_Based
544	1129442	3	Neural_Networks
545	1129443	3	Neural_Networks
546	1137466	2	Genetic_Algorithms
547	328370	3	Neural_Networks
548	1103315	1	Reinforcement_Learning
549	12210	0	Theory
550	1104055	0	Theory
551	64519	1	Reinforcement_Learning
552	114	1	Reinforcement_Learning
553	1109873	3	Neural_Networks
554	128	1	Reinforcement_Learning
555	12238	0	Theory
556	1112099	0	Theory
557	18774	4	Probabilistic_Methods
558	18777	4	Probabilistic_Methods
559	130	1	Reinforcement_Learning
560	23116	0	Theory
561	948299	3	Neural_Networks
562	6209	1	Reinforcement_Learning
563	197054	1	Reinforcement_Learning
564	6210	1	Reinforcement_Learning
565	6213	1	Reinforcement_Learning
566	6214	1	Reinforcement_Learning
567	6216	1	Reinforcement_Learning
568	6217	1	Reinforcement_Learning
569	2653	0	Theory
570	2658	3	Neural_Networks
571	753047	0	Theory
572	188318	3	Neural_Networks
573	74700	4	Probabilistic_Methods
574	67415	0	Theory
575	6220	1	Reinforcement_Learning
576	2665	3	Neural_Networks
577	28957	4	Probabilistic_Methods
578	143323	5	Case_Based
579	340075	3	Neural_Networks
580	1949	5	Case_Based
581	1953	5	Case_Based
582	1955	5	Case_Based
583	1959	5	Case_Based
584	390922	4	Probabilistic_Methods
585	22431	6	Rule_Learning
586	1113541	3	Neural_Networks
587	1132418	3	Neural_Networks
588	628500	1	Reinforcement_Learning
589	648106	3	Neural_Networks
590	1104809	3	Neural_Networks
591	4804	0	Theory
592	648112	3	Neural_Networks
593	33301	5	Case_Based
594	33303	5	Case_Based
595	267824	3	Neural_Networks
596	1138970	0	Theory
597	13717	6	Rule_Learning
598	1131719	6	Rule_Learning
599	1120866	3	Neural_Networks
600	1106287	3	Neural_Networks
601	755217	1	Reinforcement_Learning
602	647408	2	Genetic_Algorithms
603	1116410	5	Case_Based
604	1132459	3	Neural_Networks
605	1105574	3	Neural_Networks
606	1133196	2	Genetic_Algorithms
607	307336	3	Neural_Networks
608	906	3	Neural_Networks
609	1131745	3	Neural_Networks
610	1131748	3	Neural_Networks
611	910	3	Neural_Networks
612	943	5	Case_Based
613	31927	3	Neural_Networks
614	101261	0	Theory
615	101263	0	Theory
616	31932	3	Neural_Networks
617	779960	3	Neural_Networks
618	1135358	0	Theory
619	1154230	4	Probabilistic_Methods
620	1135368	3	Neural_Networks
621	28227	1	Reinforcement_Learning
622	32688	3	Neural_Networks
623	189856	4	Probabilistic_Methods
624	27510	0	Theory
625	27514	3	Neural_Networks
626	1154276	3	Neural_Networks
627	27530	3	Neural_Networks
628	1152821	3	Neural_Networks
629	28265	5	Case_Based
630	103430	3	Neural_Networks
631	27543	3	Neural_Networks
632	39126	4	Probabilistic_Methods
633	28278	1	Reinforcement_Learning
634	39131	5	Case_Based
635	10169	0	Theory
636	28287	1	Reinforcement_Learning
637	1129518	4	Probabilistic_Methods
638	1272	0	Theory
639	194223	4	Probabilistic_Methods
640	10177	0	Theory
641	18811	4	Probabilistic_Methods
642	18812	4	Probabilistic_Methods
643	73327	5	Case_Based
644	1117942	1	Reinforcement_Learning
645	15984	4	Probabilistic_Methods
646	202522	4	Probabilistic_Methods
647	1152858	4	Probabilistic_Methods
648	1152859	3	Neural_Networks
649	10183	5	Case_Based
650	81350	1	Reinforcement_Learning
651	259126	3	Neural_Networks
652	13024	6	Rule_Learning
653	1120170	1	Reinforcement_Learning
654	46452	6	Rule_Learning
655	26850	3	Neural_Networks
656	18832	1	Reinforcement_Learning
657	18833	1	Reinforcement_Learning
658	82098	2	Genetic_Algorithms
659	103482	3	Neural_Networks
660	158614	0	Theory
661	46468	4	Probabilistic_Methods
662	71904	3	Neural_Networks
663	80656	3	Neural_Networks
664	29708	3	Neural_Networks
665	1128839	3	Neural_Networks
666	1128846	3	Neural_Networks
667	12330	3	Neural_Networks
668	240321	3	Neural_Networks
669	1128853	6	Rule_Learning
670	219976	5	Case_Based
671	38480	1	Reinforcement_Learning
672	12350	0	Theory
673	1104191	3	Neural_Networks
674	7022	3	Neural_Networks
675	63931	6	Rule_Learning
676	68224	3	Neural_Networks
677	1110768	3	Neural_Networks
678	384428	3	Neural_Networks
679	1107041	5	Case_Based
680	1114352	3	Neural_Networks
681	1107062	2	Genetic_Algorithms
682	288	1	Reinforcement_Learning
683	1107067	5	Case_Based
684	91581	4	Probabilistic_Methods
685	39904	3	Neural_Networks
686	6334	5	Case_Based
687	123825	3	Neural_Networks
688	23258	1	Reinforcement_Learning
689	66805	2	Genetic_Algorithms
690	6346	5	Case_Based
691	55968	1	Reinforcement_Learning
692	368431	0	Theory
693	179702	3	Neural_Networks
694	1140547	3	Neural_Networks
695	1114388	0	Theory
696	90888	3	Neural_Networks
697	510715	4	Probabilistic_Methods
698	33412	3	Neural_Networks
699	188471	1	Reinforcement_Learning
700	1152143	0	Theory
701	1120962	3	Neural_Networks
702	1125258	3	Neural_Networks
703	648232	3	Neural_Networks
704	143476	4	Probabilistic_Methods
705	1152150	3	Neural_Networks
706	1117249	0	Theory
707	25413	6	Rule_Learning
708	1152162	3	Neural_Networks
709	241821	3	Neural_Networks
710	350362	0	Theory
711	1116530	4	Probabilistic_Methods
712	61069	2	Genetic_Algorithms
713	1110000	4	Probabilistic_Methods
714	646809	2	Genetic_Algorithms
715	1105698	4	Probabilistic_Methods
716	1152194	3	Neural_Networks
717	198653	2	Genetic_Algorithms
718	1116569	3	Neural_Networks
719	77758	3	Neural_Networks
720	854434	3	Neural_Networks
721	1128151	2	Genetic_Algorithms
722	1123867	0	Theory
723	191404	4	Probabilistic_Methods
724	1116594	3	Neural_Networks
725	126793	4	Probabilistic_Methods
726	43639	3	Neural_Networks
727	44368	2	Genetic_Algorithms
728	97390	2	Genetic_Algorithms
729	87915	4	Probabilistic_Methods
730	131117	3	Neural_Networks
731	8581	3	Neural_Networks
732	27606	0	Theory
733	1115886	1	Reinforcement_Learning
734	184157	1	Reinforcement_Learning
735	8594	6	Rule_Learning
736	1152904	3	Neural_Networks
737	1120211	3	Neural_Networks
738	28350	1	Reinforcement_Learning
739	1152910	1	Reinforcement_Learning
740	27627	0	Theory
741	649731	3	Neural_Networks
742	308920	4	Probabilistic_Methods
743	289780	2	Genetic_Algorithms
744	289781	2	Genetic_Algorithms
745	19621	3	Neural_Networks
746	1129608	3	Neural_Networks
747	1365	3	Neural_Networks
748	103543	4	Probabilistic_Methods
749	28387	1	Reinforcement_Learning
750	28389	1	Reinforcement_Learning
751	43698	3	Neural_Networks
752	54550	5	Case_Based
753	1129621	3	Neural_Networks
754	46536	3	Neural_Networks
755	1129629	2	Genetic_Algorithms
756	294126	6	Rule_Learning
757	568857	2	Genetic_Algorithms
758	447224	2	Genetic_Algorithms
759	38537	4	Probabilistic_Methods
760	1152975	5	Case_Based
761	34979	0	Theory
762	1104261	0	Theory
763	139865	3	Neural_Networks
764	56709	2	Genetic_Algorithms
765	1128945	2	Genetic_Algorithms
766	19697	3	Neural_Networks
767	107177	0	Theory
768	1131165	4	Probabilistic_Methods
769	1128959	2	Genetic_Algorithms
770	152219	3	Neural_Networks
771	184918	3	Neural_Networks
772	16008	4	Probabilistic_Methods
773	1122425	1	Reinforcement_Learning
774	928873	3	Neural_Networks
775	206259	1	Reinforcement_Learning
776	714748	4	Probabilistic_Methods
777	1131189	4	Probabilistic_Methods
778	217115	0	Theory
779	560936	3	Neural_Networks
780	1131198	2	Genetic_Algorithms
781	1128985	2	Genetic_Algorithms
782	466170	3	Neural_Networks
783	429805	5	Case_Based
784	561674	3	Neural_Networks
785	654177	5	Case_Based
786	95225	0	Theory
787	37884	4	Probabilistic_Methods
788	37888	4	Probabilistic_Methods
789	1128997	2	Genetic_Algorithms
790	545647	0	Theory
791	42207	0	Theory
792	42209	0	Theory
793	82920	2	Genetic_Algorithms
794	128202	0	Theory
795	128203	0	Theory
796	1134056	3	Neural_Networks
797	1102873	3	Neural_Networks
798	42221	0	Theory
799	1107171	5	Case_Based
800	1133338	2	Genetic_Algorithms
801	67633	5	Case_Based
802	375825	4	Probabilistic_Methods
803	48781	2	Genetic_Algorithms
804	75674	1	Reinforcement_Learning
805	289088	3	Neural_Networks
806	1152244	5	Case_Based
807	13917	1	Reinforcement_Learning
808	75695	3	Neural_Networks
809	34257	3	Neural_Networks
810	1117348	3	Neural_Networks
811	574710	2	Genetic_Algorithms
812	34263	3	Neural_Networks
813	1128204	2	Genetic_Algorithms
814	34266	3	Neural_Networks
815	1128208	2	Genetic_Algorithms
816	1116629	3	Neural_Networks
817	110162	5	Case_Based
818	110163	5	Case_Based
819	110164	5	Case_Based
820	628751	3	Neural_Networks
821	708945	3	Neural_Networks
822	1123926	0	Theory
823	1152277	3	Neural_Networks
824	77826	5	Case_Based
825	77829	5	Case_Based
826	8617	3	Neural_Networks
827	242663	4	Probabilistic_Methods
828	8619	3	Neural_Networks
829	628764	3	Neural_Networks
830	628766	3	Neural_Networks
831	1125393	5	Case_Based
832	66986	3	Neural_Networks
833	646913	2	Genetic_Algorithms
834	578309	3	Neural_Networks
835	18251	5	Case_Based
836	1152290	0	Theory
837	954315	6	Rule_Learning
838	212107	4	Probabilistic_Methods
839	578337	3	Neural_Networks
840	907845	3	Neural_Networks
841	1127530	4	Probabilistic_Methods
842	1128267	1	Reinforcement_Learning
843	28412	1	Reinforcement_Learning
844	594387	2	Genetic_Algorithms
845	1127541	3	Neural_Networks
846	44455	2	Genetic_Algorithms
847	45188	0	Theory
848	45189	0	Theory
849	62607	6	Rule_Learning
850	1127551	4	Probabilistic_Methods
851	1123991	4	Probabilistic_Methods
852	1127558	4	Probabilistic_Methods
853	105057	0	Theory
854	1128291	2	Genetic_Algorithms
855	1127566	4	Probabilistic_Methods
856	1154459	2	Genetic_Algorithms
857	218682	5	Case_Based
858	28447	5	Case_Based
859	1153736	0	Theory
860	62634	2	Genetic_Algorithms
861	211432	0	Theory
862	112378	5	Case_Based
863	1113035	3	Neural_Networks
864	1118848	3	Neural_Networks
865	137790	0	Theory
866	217984	3	Neural_Networks
867	949217	3	Neural_Networks
868	28473	1	Reinforcement_Learning
869	1104300	4	Probabilistic_Methods
870	1105033	1	Reinforcement_Learning
871	11093	4	Probabilistic_Methods
872	696342	3	Neural_Networks
873	696343	3	Neural_Networks
874	696346	3	Neural_Networks
875	28487	1	Reinforcement_Learning
876	5038	0	Theory
877	195150	6	Rule_Learning
878	62676	3	Neural_Networks
879	13213	1	Reinforcement_Learning
880	576973	2	Genetic_Algorithms
881	35797	3	Neural_Networks
882	134128	1	Reinforcement_Learning
883	166825	5	Case_Based
884	175576	0	Theory
885	509379	0	Theory
886	1113084	3	Neural_Networks
887	53942	0	Theory
888	642621	4	Probabilistic_Methods
889	1131236	4	Probabilistic_Methods
890	1112369	3	Neural_Networks
891	446610	4	Probabilistic_Methods
892	644093	4	Probabilistic_Methods
893	411092	6	Rule_Learning
894	642641	4	Probabilistic_Methods
895	408885	4	Probabilistic_Methods
896	1131258	4	Probabilistic_Methods
897	1131267	4	Probabilistic_Methods
898	13269	4	Probabilistic_Methods
899	1104379	3	Neural_Networks
900	1114502	2	Genetic_Algorithms
901	1107215	5	Case_Based
902	83725	2	Genetic_Algorithms
903	84459	0	Theory
904	642681	4	Probabilistic_Methods
905	445938	4	Probabilistic_Methods
906	1103676	3	Neural_Networks
907	1130568	3	Neural_Networks
908	1153003	3	Neural_Networks
909	51045	4	Probabilistic_Methods
910	12576	2	Genetic_Algorithms
911	144330	0	Theory
912	105865	3	Neural_Networks
913	51052	4	Probabilistic_Methods
914	746058	3	Neural_Networks
915	1153014	4	Probabilistic_Methods
916	641976	3	Neural_Networks
917	561789	4	Probabilistic_Methods
918	1130586	3	Neural_Networks
919	368605	3	Neural_Networks
920	1133428	3	Neural_Networks
921	1113828	3	Neural_Networks
922	129042	5	Case_Based
923	129045	5	Case_Based
924	6539	0	Theory
925	1153031	3	Neural_Networks
926	1122580	0	Theory
927	1132706	5	Case_Based
928	1152308	5	Case_Based
929	105899	4	Probabilistic_Methods
930	50354	3	Neural_Networks
931	1121867	0	Theory
932	1113852	0	Theory
933	1153056	1	Reinforcement_Learning
934	94641	2	Genetic_Algorithms
935	1153065	2	Genetic_Algorithms
936	1133469	1	Reinforcement_Learning
937	35070	5	Case_Based
938	576257	2	Genetic_Algorithms
939	368657	3	Neural_Networks
940	1129018	2	Genetic_Algorithms
941	263069	2	Genetic_Algorithms
942	1129027	2	Genetic_Algorithms
943	1152358	2	Genetic_Algorithms
944	1125467	4	Probabilistic_Methods
945	1125469	4	Probabilistic_Methods
946	72101	3	Neural_Networks
947	40922	5	Case_Based
948	1153097	3	Neural_Networks
949	1109439	3	Neural_Networks
950	423463	4	Probabilistic_Methods
951	128383	5	Case_Based
952	683360	4	Probabilistic_Methods
953	1129040	2	Genetic_Algorithms
954	52515	4	Probabilistic_Methods
955	41666	0	Theory
956	1128319	2	Genetic_Algorithms
957	1152379	0	Theory
958	1136342	2	Genetic_Algorithms
959	1125492	2	Genetic_Algorithms
960	1108728	6	Rule_Learning
961	265203	2	Genetic_Algorithms
962	628888	3	Neural_Networks
963	1127619	6	Rule_Learning
964	56112	2	Genetic_Algorithms
965	56115	2	Genetic_Algorithms
966	56119	2	Genetic_Algorithms
967	89547	0	Theory
968	51831	3	Neural_Networks
969	91038	4	Probabilistic_Methods
970	96847	2	Genetic_Algorithms
971	521855	4	Probabilistic_Methods
972	594483	2	Genetic_Algorithms
973	1119623	4	Probabilistic_Methods
974	96851	2	Genetic_Algorithms
975	1136397	3	Neural_Networks
976	158172	4	Probabilistic_Methods
977	1127657	0	Theory
978	131315	3	Neural_Networks
979	131318	3	Neural_Networks
980	289945	3	Neural_Networks
981	62718	5	Case_Based
982	229635	2	Genetic_Algorithms
983	56167	5	Case_Based
984	1119654	5	Case_Based
985	51879	4	Probabilistic_Methods
986	10435	5	Case_Based
987	137873	4	Probabilistic_Methods
988	168332	1	Reinforcement_Learning
989	330208	3	Neural_Networks
990	689152	3	Neural_Networks
991	1120444	5	Case_Based
992	1153877	5	Case_Based
993	111770	4	Probabilistic_Methods
994	1153879	5	Case_Based
995	108047	2	Genetic_Algorithms
996	1131300	4	Probabilistic_Methods
997	362926	6	Rule_Learning
998	129896	4	Probabilistic_Methods
999	129897	4	Probabilistic_Methods
1000	59045	0	Theory
1001	1153889	5	Case_Based
1002	239810	5	Case_Based
1003	20601	0	Theory
1004	20602	0	Theory
1005	416964	3	Neural_Networks
1006	38722	0	Theory
1007	72908	6	Rule_Learning
1008	116081	6	Rule_Learning
1009	1153897	2	Genetic_Algorithms
1010	116084	6	Rule_Learning
1011	116087	6	Rule_Learning
1012	1113182	1	Reinforcement_Learning
1013	1131330	4	Probabilistic_Methods
1014	582139	3	Neural_Networks
1015	561809	4	Probabilistic_Methods
1016	14062	2	Genetic_Algorithms
1017	1104449	3	Neural_Networks
1018	39474	2	Genetic_Algorithms
1019	27895	0	Theory
1020	167670	4	Probabilistic_Methods
1021	1131345	3	Neural_Networks
1022	1131348	3	Neural_Networks
1023	14083	3	Neural_Networks
1024	1103737	0	Theory
1025	65650	0	Theory
1026	93273	0	Theory
1027	65653	0	Theory
1028	5194	3	Neural_Networks
1029	14090	4	Probabilistic_Methods
1030	1131360	2	Genetic_Algorithms
1031	1130634	3	Neural_Networks
1032	976284	0	Theory
1033	1130637	5	Case_Based
1034	593022	2	Genetic_Algorithms
1035	1131374	2	Genetic_Algorithms
1036	975567	2	Genetic_Algorithms
1037	133550	3	Neural_Networks
1038	145134	3	Neural_Networks
1039	1130653	5	Case_Based
1040	1130657	5	Case_Based
1041	1104495	3	Neural_Networks
1042	133566	3	Neural_Networks
1043	133567	3	Neural_Networks
1044	1122642	3	Neural_Networks
1045	1114629	1	Reinforcement_Learning
1046	91852	5	Case_Based
1047	91853	5	Case_Based
1048	376704	5	Case_Based
1049	1153101	6	Rule_Learning
1050	32276	0	Theory
1051	1130678	3	Neural_Networks
1052	83847	3	Neural_Networks
1053	8079	0	Theory
1054	593068	2	Genetic_Algorithms
1055	285675	3	Neural_Networks
1056	1130680	3	Neural_Networks
1057	1106630	3	Neural_Networks
1058	278394	3	Neural_Networks
1059	285687	3	Neural_Networks
1060	69284	2	Genetic_Algorithms
1061	6639	6	Rule_Learning
1062	14807	0	Theory
1063	152483	2	Genetic_Algorithms
1064	683404	4	Probabilistic_Methods
1065	593091	2	Genetic_Algorithms
1066	1117501	3	Neural_Networks
1067	99023	3	Neural_Networks
1068	99025	3	Neural_Networks
1069	513189	2	Genetic_Algorithms
1070	1152421	2	Genetic_Algorithms
1071	1153150	6	Rule_Learning
1072	99030	3	Neural_Networks
1073	1105932	6	Rule_Learning
1074	1153160	0	Theory
1075	1106671	3	Neural_Networks
1076	531348	4	Probabilistic_Methods
1077	577086	2	Genetic_Algorithms
1078	531351	4	Probabilistic_Methods
1079	25702	3	Neural_Networks
1080	87482	3	Neural_Networks
1081	135765	6	Rule_Learning
1082	135766	6	Rule_Learning
1083	1132864	4	Probabilistic_Methods
1084	22886	5	Case_Based
1085	1118286	6	Rule_Learning
1086	162664	4	Probabilistic_Methods
1087	1109542	4	Probabilistic_Methods
1088	1116835	3	Neural_Networks
1089	1116839	5	Case_Based
1090	1103016	3	Neural_Networks
1091	1128425	3	Neural_Networks
1092	1116842	0	Theory
1093	1136446	3	Neural_Networks
1094	1136447	3	Neural_Networks
1095	27199	0	Theory
1096	1125597	2	Genetic_Algorithms
1097	1132887	4	Probabilistic_Methods
1098	593813	2	Genetic_Algorithms
1099	594543	2	Genetic_Algorithms
1100	917493	3	Neural_Networks
1101	1128430	5	Case_Based
1102	51909	6	Rule_Learning
1103	1108834	3	Neural_Networks
1104	1128437	0	Theory
1105	989397	0	Theory
1106	97645	2	Genetic_Algorithms
1107	8832	5	Case_Based
1108	1103031	4	Probabilistic_Methods
1109	346243	0	Theory
1110	1119708	2	Genetic_Algorithms
1111	36620	5	Case_Based
1112	25772	3	Neural_Networks
1113	640617	2	Genetic_Algorithms
1114	8865	2	Genetic_Algorithms
1115	950986	3	Neural_Networks
1116	35905	3	Neural_Networks
1117	8875	2	Genetic_Algorithms
1118	25791	3	Neural_Networks
1119	100961	3	Neural_Networks
1120	738941	3	Neural_Networks
1121	64271	5	Case_Based
1122	3084	5	Case_Based
1123	3085	5	Case_Based
1124	28649	0	Theory
1125	3095	5	Case_Based
1126	3097	5	Case_Based
1127	1153943	2	Genetic_Algorithms
1128	1121254	4	Probabilistic_Methods
1129	74427	3	Neural_Networks
1130	231249	2	Genetic_Algorithms
1131	1105221	2	Genetic_Algorithms
1132	28674	0	Theory
1133	1129907	4	Probabilistic_Methods
1134	650807	2	Genetic_Algorithms
1135	348437	0	Theory
1136	1688	2	Genetic_Algorithms
1137	33013	1	Reinforcement_Learning
1138	38829	5	Case_Based
1139	307015	2	Genetic_Algorithms
1140	127033	2	Genetic_Algorithms
1141	310742	4	Probabilistic_Methods
1142	1694	2	Genetic_Algorithms
1143	650834	2	Genetic_Algorithms
1144	1131420	3	Neural_Networks
1145	193918	3	Neural_Networks
1146	85324	3	Neural_Networks
1147	642827	4	Probabilistic_Methods
1148	38845	5	Case_Based
1149	193931	3	Neural_Networks
1150	193932	3	Neural_Networks
1151	4553	6	Rule_Learning
1152	1116146	5	Case_Based
1153	85352	2	Genetic_Algorithms
1154	261040	5	Case_Based
1155	145215	5	Case_Based
1156	646412	4	Probabilistic_Methods
1157	1131464	3	Neural_Networks
1158	1131466	4	Probabilistic_Methods
1159	574264	2	Genetic_Algorithms
1160	458439	0	Theory
1161	57764	0	Theory
1162	646440	4	Probabilistic_Methods
1163	1111899	5	Case_Based
1164	521252	0	Theory
1165	1115471	6	Rule_Learning
1166	1123493	0	Theory
1167	601462	2	Genetic_Algorithms
1168	421481	4	Probabilistic_Methods
1169	385572	3	Neural_Networks
1170	30934	0	Theory
1171	84695	3	Neural_Networks
1172	189566	4	Probabilistic_Methods
1173	69397	0	Theory
1174	6741	0	Theory
1175	177998	2	Genetic_Algorithms
1176	395725	3	Neural_Networks
1177	61417	6	Rule_Learning
1178	54129	2	Genetic_Algorithms
1179	1118347	3	Neural_Networks
1180	1106764	6	Rule_Learning
1181	102406	0	Theory
1182	75972	6	Rule_Learning
1183	95579	1	Reinforcement_Learning
1184	54132	2	Genetic_Algorithms
1185	27243	0	Theory
1186	1153262	4	Probabilistic_Methods
1187	1153264	0	Theory
1188	30973	3	Neural_Networks
1189	1129208	0	Theory
1190	1106771	3	Neural_Networks
1191	27249	0	Theory
1192	95586	1	Reinforcement_Learning
1193	95588	1	Reinforcement_Learning
1194	255233	5	Case_Based
1195	6775	3	Neural_Networks
1196	129287	3	Neural_Networks
1197	27250	0	Theory
1198	19231	0	Theory
1199	1153275	0	Theory
1200	1132948	3	Neural_Networks
1201	1106789	4	Probabilistic_Methods
1202	95597	1	Reinforcement_Learning
1203	6784	3	Neural_Networks
1204	682815	2	Genetic_Algorithms
1205	1153280	2	Genetic_Algorithms
1206	148170	2	Genetic_Algorithms
1207	263279	2	Genetic_Algorithms
1208	1116922	6	Rule_Learning
1209	1152564	5	Case_Based
1210	1118388	5	Case_Based
1211	851968	3	Neural_Networks
1212	3101	5	Case_Based
1213	1129243	1	Reinforcement_Learning
1214	170798	5	Case_Based
1215	3112	5	Case_Based
1216	503877	2	Genetic_Algorithms
1217	17821	1	Reinforcement_Learning
1218	503883	2	Genetic_Algorithms
1219	561238	2	Genetic_Algorithms
1220	1110438	3	Neural_Networks
1221	575795	2	Genetic_Algorithms
1222	1116974	3	Neural_Networks
1223	272720	0	Theory
1224	415693	2	Genetic_Algorithms
1225	18582	2	Genetic_Algorithms
1226	11325	6	Rule_Learning
1227	11326	0	Theory
1228	1103162	1	Reinforcement_Learning
1229	1111186	3	Neural_Networks
1230	578645	2	Genetic_Algorithms
1231	578646	2	Genetic_Algorithms
1232	578649	2	Genetic_Algorithms
1233	1121313	5	Case_Based
1234	11335	6	Rule_Learning
1235	1102442	0	Theory
1236	11339	0	Theory
1237	52784	0	Theory
1238	11342	0	Theory
1239	1130080	3	Neural_Networks
1240	3191	4	Probabilistic_Methods
1241	3192	4	Probabilistic_Methods
1242	400455	3	Neural_Networks
1243	1135899	3	Neural_Networks
1244	591017	6	Rule_Learning
1245	751408	3	Neural_Networks
1246	1140230	3	Neural_Networks
1247	1140231	3	Neural_Networks
1248	1106052	5	Case_Based
1249	70970	2	Genetic_Algorithms
1250	67245	3	Neural_Networks
1251	67246	3	Neural_Networks
1252	205196	3	Neural_Networks
1253	135130	1	Reinforcement_Learning
1254	123556	3	Neural_Networks
1255	645084	4	Probabilistic_Methods
1256	1786	6	Rule_Learning
1257	66556	2	Genetic_Algorithms
1258	1130808	3	Neural_Networks
1259	4649	6	Rule_Learning
1260	582343	0	Theory
1261	395075	2	Genetic_Algorithms
1262	582349	3	Neural_Networks
1263	20833	5	Case_Based
1264	1131549	2	Genetic_Algorithms
1265	58552	3	Neural_Networks
1266	85449	3	Neural_Networks
1267	49811	0	Theory
1268	77438	4	Probabilistic_Methods
1269	4660	0	Theory
1270	66594	0	Theory
1271	66596	6	Rule_Learning
1272	314459	3	Neural_Networks
1273	1116268	0	Theory
1274	1103960	2	Genetic_Algorithms
1275	49843	6	Rule_Learning
1276	1103969	4	Probabilistic_Methods
1277	593240	2	Genetic_Algorithms
1278	207395	5	Case_Based
1279	593248	2	Genetic_Algorithms
1280	943087	0	Theory
1281	7532	3	Neural_Networks
1282	7537	3	Neural_Networks
1283	25181	3	Neural_Networks
1284	25184	3	Neural_Networks
1285	16437	3	Neural_Networks
1286	1103985	2	Genetic_Algorithms
1287	6814	4	Probabilistic_Methods
1288	6818	4	Probabilistic_Methods
1289	1154042	3	Neural_Networks
1290	23738	0	Theory
1291	1107558	4	Probabilistic_Methods
1292	137359	6	Rule_Learning
1293	16451	3	Neural_Networks
1294	318071	4	Probabilistic_Methods
1295	232860	3	Neural_Networks
1296	1107572	0	Theory
1297	49895	6	Rule_Learning
1298	16474	3	Neural_Networks
1299	1154076	2	Genetic_Algorithms
1300	626999	3	Neural_Networks
1301	137380	6	Rule_Learning
1302	1119178	5	Case_Based
1303	33904	2	Genetic_Algorithms
1304	1119180	5	Case_Based
1305	33907	2	Genetic_Algorithms
1306	174418	0	Theory
1307	70281	3	Neural_Networks
1308	73119	4	Probabilistic_Methods
1309	9716	0	Theory
1310	174425	0	Theory
1311	416455	2	Genetic_Algorithms
1312	18615	6	Rule_Learning
1313	127940	3	Neural_Networks
1314	1152663	1	Reinforcement_Learning
1315	675649	3	Neural_Networks
1316	1117760	1	Reinforcement_Learning
1317	1138091	5	Case_Based
1318	1152673	3	Neural_Networks
1319	321004	2	Genetic_Algorithms
1320	139547	3	Neural_Networks
1321	45533	3	Neural_Networks
1322	3217	0	Theory
1323	1111240	3	Neural_Networks
1324	523574	4	Probabilistic_Methods
1325	1110515	2	Genetic_Algorithms
1326	73162	4	Probabilistic_Methods
1327	52835	6	Rule_Learning
1328	3220	3	Neural_Networks
1329	3223	0	Theory
1330	1129367	2	Genetic_Algorithms
1331	1129368	2	Genetic_Algorithms
1332	1129369	2	Genetic_Algorithms
1333	84021	2	Genetic_Algorithms
1334	1127913	2	Genetic_Algorithms
1335	3233	4	Probabilistic_Methods
1336	3235	4	Probabilistic_Methods
1337	3236	0	Theory
1338	562067	4	Probabilistic_Methods
1339	3240	0	Theory
1340	92065	3	Neural_Networks
1341	213246	3	Neural_Networks
1342	911198	3	Neural_Networks
1343	12158	0	Theory
1344	20178	5	Case_Based
1345	20179	5	Case_Based
1346	80491	3	Neural_Networks
1347	561364	4	Probabilistic_Methods
1348	20180	5	Case_Based
1349	245955	1	Reinforcement_Learning
1350	1102548	5	Case_Based
1351	1817	2	Genetic_Algorithms
1352	31043	3	Neural_Networks
1353	1102550	2	Genetic_Algorithms
1354	20193	5	Case_Based
1355	1110579	5	Case_Based
1356	213279	3	Neural_Networks
1357	1133010	4	Probabilistic_Methods
1358	157761	0	Theory
1359	31055	3	Neural_Networks
1360	12194	0	Theory
1361	1133028	0	Theory
1362	578780	2	Genetic_Algorithms
1363	12198	0	Theory
1364	12199	0	Theory
1365	90655	3	Neural_Networks
1366	6130	3	Neural_Networks
1367	337766	5	Case_Based
1368	112787	5	Case_Based
1369	1133047	2	Genetic_Algorithms
1370	1105428	6	Rule_Learning
1371	785678	2	Genetic_Algorithms
1372	644441	4	Probabilistic_Methods
1373	672064	3	Neural_Networks
1374	41216	3	Neural_Networks
1375	1105433	4	Probabilistic_Methods
1376	1113459	1	Reinforcement_Learning
1377	55770	5	Case_Based
1378	6163	1	Reinforcement_Learning
1379	259701	2	Genetic_Algorithms
1380	259702	2	Genetic_Algorithms
1381	1131607	4	Probabilistic_Methods
1382	430329	3	Neural_Networks
1383	643734	3	Neural_Networks
1384	643735	3	Neural_Networks
1385	656048	5	Case_Based
1386	1131611	0	Theory
1387	617575	3	Neural_Networks
1388	1105450	0	Theory
1389	15076	3	Neural_Networks
1390	10793	0	Theory
1391	1117049	2	Genetic_Algorithms
1392	647315	2	Genetic_Algorithms
1393	33231	4	Probabilistic_Methods
1394	1116328	3	Neural_Networks
1395	1104749	2	Genetic_Algorithms
1396	594025	2	Genetic_Algorithms
1397	315266	4	Probabilistic_Methods
1398	643777	3	Neural_Networks
1399	1130927	3	Neural_Networks
1400	1132385	0	Theory
1401	1108329	5	Case_Based
1402	1130929	3	Neural_Networks
1403	1104769	4	Probabilistic_Methods
1404	594047	2	Genetic_Algorithms
1405	1130931	3	Neural_Networks
1406	1130934	3	Neural_Networks
1407	141868	5	Case_Based
1408	593329	2	Genetic_Algorithms
1409	144701	2	Genetic_Algorithms
1410	574462	2	Genetic_Algorithms
1411	60170	3	Neural_Networks
1412	120039	5	Case_Based
1413	502574	5	Case_Based
1414	293974	4	Probabilistic_Methods
1415	1119216	4	Probabilistic_Methods
1416	1108363	5	Case_Based
1417	191216	3	Neural_Networks
1418	469504	3	Neural_Networks
1419	358866	4	Probabilistic_Methods
1420	1116397	5	Case_Based
1421	191222	3	Neural_Networks
1422	36145	3	Neural_Networks
1423	1115677	3	Neural_Networks
1424	577331	2	Genetic_Algorithms
1425	31863	4	Probabilistic_Methods
1426	566488	5	Case_Based
1427	358887	4	Probabilistic_Methods
1428	6935	6	Rule_Learning
1429	6939	6	Rule_Learning
1430	197783	3	Neural_Networks
1431	34708	3	Neural_Networks
1432	1107674	2	Genetic_Algorithms
1433	248119	0	Theory
1434	318187	6	Rule_Learning
1435	1152714	3	Neural_Networks
1436	1154173	4	Probabilistic_Methods
1437	300071	4	Probabilistic_Methods
1438	1120020	1	Reinforcement_Learning
1439	423816	2	Genetic_Algorithms
1440	1106966	1	Reinforcement_Learning
1441	148341	2	Genetic_Algorithms
1442	136766	6	Rule_Learning
1443	325497	1	Reinforcement_Learning
1444	136767	0	Theory
1445	136768	6	Rule_Learning
1446	409255	3	Neural_Networks
1447	1152740	1	Reinforcement_Learning
1448	1117833	5	Case_Based
1449	309476	0	Theory
1450	1120059	3	Neural_Networks
1451	80515	3	Neural_Networks
1452	65212	3	Neural_Networks
1453	15892	5	Case_Based
1454	1120084	3	Neural_Networks
1455	576691	2	Genetic_Algorithms
1456	148399	0	Theory
1457	175291	3	Neural_Networks
1458	1112071	4	Probabilistic_Methods
1459	117	1	Reinforcement_Learning
1460	157805	0	Theory
1461	300806	3	Neural_Networks
1462	31105	3	Neural_Networks
1463	154982	4	Probabilistic_Methods
1464	141160	3	Neural_Networks
1465	112813	5	Case_Based
1466	98693	2	Genetic_Algorithms
1467	98698	2	Genetic_Algorithms
1468	192734	0	Theory
1469	12247	0	Theory
1470	1109891	3	Neural_Networks
1471	141171	3	Neural_Networks
1472	312409	3	Neural_Networks
1473	608190	2	Genetic_Algorithms
1474	608191	2	Genetic_Algorithms
1475	55801	5	Case_Based
1476	1136791	2	Genetic_Algorithms
1477	815073	3	Neural_Networks
1478	1114222	4	Probabilistic_Methods
1479	173884	4	Probabilistic_Methods
1480	1102646	3	Neural_Networks
1481	63832	2	Genetic_Algorithms
1482	211906	0	Theory
1483	83449	5	Case_Based
1484	2654	0	Theory
1485	815096	3	Neural_Networks
1486	277263	6	Rule_Learning
1487	1105505	3	Neural_Networks
1488	48550	3	Neural_Networks
1489	83461	6	Rule_Learning
1490	48555	3	Neural_Networks
1491	6238	0	Theory
1492	636500	0	Theory
1493	340078	3	Neural_Networks
1494	1113534	3	Neural_Networks
1495	578898	2	Genetic_Algorithms
1496	1951	5	Case_Based
1497	1952	5	Case_Based
1498	1956	5	Case_Based
1499	636511	3	Neural_Networks
1500	463825	0	Theory
1501	1121569	3	Neural_Networks
1502	1105531	4	Probabilistic_Methods
1503	14428	4	Probabilistic_Methods
1504	14429	4	Probabilistic_Methods
1505	74749	0	Theory
1506	14430	4	Probabilistic_Methods
1507	14431	4	Probabilistic_Methods
1508	1132434	3	Neural_Networks
1509	648121	3	Neural_Networks
1510	582511	0	Theory
1511	688849	3	Neural_Networks
1512	1997	4	Probabilistic_Methods
1513	1131728	5	Case_Based
1514	1106298	0	Theory
1515	86359	1	Reinforcement_Learning
1516	647413	2	Genetic_Algorithms
1517	1120880	3	Neural_Networks
1518	1131734	2	Genetic_Algorithms
1519	562940	6	Rule_Learning
1520	230879	3	Neural_Networks
1521	1104851	0	Theory
1522	1152075	0	Theory
1523	58758	2	Genetic_Algorithms
1524	230884	3	Neural_Networks
1525	34082	4	Probabilistic_Methods
1526	1132486	3	Neural_Networks
1527	39890	4	Probabilistic_Methods
1528	66782	6	Rule_Learning
1529	218410	1	Reinforcement_Learning
1530	647447	2	Genetic_Algorithms
1531	1117184	5	Case_Based
1532	66794	4	Probabilistic_Methods
1533	227178	2	Genetic_Algorithms
1534	936	5	Case_Based
1535	940	5	Case_Based
1536	575292	2	Genetic_Algorithms
1537	941	5	Case_Based
1538	1109185	3	Neural_Networks
1539	85688	6	Rule_Learning
1540	28202	1	Reinforcement_Learning
1541	50807	2	Genetic_Algorithms
1542	379288	5	Case_Based
1543	1154229	4	Probabilistic_Methods
1544	1109199	2	Genetic_Algorithms
1545	118682	4	Probabilistic_Methods
1546	153598	1	Reinforcement_Learning
1547	1154251	3	Neural_Networks
1548	62417	4	Probabilistic_Methods
1549	1125909	4	Probabilistic_Methods
1550	79809	0	Theory
1551	739280	3	Neural_Networks
1552	70441	5	Case_Based
1553	70442	5	Case_Based
1554	70444	5	Case_Based
1555	79817	4	Probabilistic_Methods
1556	129558	5	Case_Based
1557	892139	1	Reinforcement_Learning
1558	576725	2	Genetic_Algorithms
1559	28254	3	Neural_Networks
1560	1246	1	Reinforcement_Learning
1561	237376	0	Theory
1562	27531	3	Neural_Networks
1563	397488	2	Genetic_Algorithms
1564	42847	3	Neural_Networks
1565	42848	2	Genetic_Algorithms
1566	155736	0	Theory
1567	155738	0	Theory
1568	39124	5	Case_Based
1569	39127	6	Rule_Learning
1570	39130	5	Case_Based
1571	1153577	2	Genetic_Algorithms
1572	335733	2	Genetic_Algorithms
1573	28290	1	Reinforcement_Learning
1574	18815	5	Case_Based
1575	1136814	2	Genetic_Algorithms
1576	1120169	0	Theory
1577	82087	2	Genetic_Algorithms
1578	178209	6	Rule_Learning
1579	139738	3	Neural_Networks
1580	82090	2	Genetic_Algorithms
1581	18834	1	Reinforcement_Learning
1582	39165	4	Probabilistic_Methods
1583	190698	3	Neural_Networks
1584	1125992	5	Case_Based
1585	1109957	1	Reinforcement_Learning
1586	46470	0	Theory
1587	46476	6	Rule_Learning
1588	1129570	2	Genetic_Algorithms
1589	1071981	1	Reinforcement_Learning
1590	1129573	2	Genetic_Algorithms
1591	39199	3	Neural_Networks
1592	12337	3	Neural_Networks
1593	29723	4	Probabilistic_Methods
1594	694759	2	Genetic_Algorithms
1595	46491	0	Theory
1596	1128856	6	Rule_Learning
1597	1107010	5	Case_Based
1598	643199	2	Genetic_Algorithms
1599	1104182	1	Reinforcement_Learning
1600	12347	3	Neural_Networks
1601	63915	3	Neural_Networks
1602	519353	4	Probabilistic_Methods
1603	608292	2	Genetic_Algorithms
1604	1121603	3	Neural_Networks
1605	1130356	0	Theory
1606	12359	3	Neural_Networks
1607	192850	0	Theory
1608	7032	4	Probabilistic_Methods
1609	1128881	6	Rule_Learning
1610	140569	3	Neural_Networks
1611	1114331	2	Genetic_Algorithms
1612	7041	3	Neural_Networks
1613	561581	4	Probabilistic_Methods
1614	561582	4	Probabilistic_Methods
1615	192870	3	Neural_Networks
1616	1113614	1	Reinforcement_Learning
1617	1102761	5	Case_Based
1618	116528	0	Theory
1619	561595	4	Probabilistic_Methods
1620	94416	6	Rule_Learning
1621	5600	5	Case_Based
1622	1000012	6	Rule_Learning
1623	1114364	3	Neural_Networks
1624	1121659	4	Probabilistic_Methods
1625	66809	1	Reinforcement_Learning
1626	6343	5	Case_Based
1627	212777	6	Rule_Learning
1628	583318	2	Genetic_Algorithms
1629	709518	3	Neural_Networks
1630	350319	3	Neural_Networks
1631	116553	2	Genetic_Algorithms
1632	170338	1	Reinforcement_Learning
1633	179706	3	Neural_Networks
1634	1112929	3	Neural_Networks
1635	656231	5	Case_Based
1636	14531	5	Case_Based
1637	1106370	3	Neural_Networks
1638	1109208	2	Genetic_Algorithms
1639	1114398	3	Neural_Networks
1640	95188	5	Case_Based
1641	510718	4	Probabilistic_Methods
1642	208345	5	Case_Based
1643	6378	1	Reinforcement_Learning
1644	22563	3	Neural_Networks
1645	10981	3	Neural_Networks
1646	110041	2	Genetic_Algorithms
1647	14549	0	Theory
1648	95198	5	Case_Based
1649	6385	1	Reinforcement_Learning
1650	575331	2	Genetic_Algorithms
1651	568045	6	Rule_Learning
1652	1136110	3	Neural_Networks
1653	1131828	5	Case_Based
1654	67584	4	Probabilistic_Methods
1655	243274	3	Neural_Networks
1656	135464	3	Neural_Networks
1657	1105672	3	Neural_Networks
1658	93755	0	Theory
1659	756061	3	Neural_Networks
1660	522338	4	Probabilistic_Methods
1661	219239	0	Theory
1662	61073	2	Genetic_Algorithms
1663	262178	2	Genetic_Algorithms
1664	686015	3	Neural_Networks
1665	1110024	5	Case_Based
1666	613409	4	Probabilistic_Methods
1667	686030	3	Neural_Networks
1668	227286	3	Neural_Networks
1669	45061	0	Theory
1670	646836	2	Genetic_Algorithms
1671	1108551	0	Theory
1672	13885	3	Neural_Networks
1673	1104999	2	Genetic_Algorithms
1674	566653	5	Case_Based
1675	1127430	2	Genetic_Algorithms
1676	299197	3	Neural_Networks
1677	1135455	3	Neural_Networks
1678	97377	0	Theory
1679	592826	6	Rule_Learning
1680	566664	5	Case_Based
1681	633030	4	Probabilistic_Methods
1682	633031	4	Probabilistic_Methods
1683	686061	0	Theory
1684	592830	6	Rule_Learning
1685	573964	2	Genetic_Algorithms
1686	1155073	6	Rule_Learning
1687	17476	1	Reinforcement_Learning
1688	17477	2	Genetic_Algorithms
1689	190706	2	Genetic_Algorithms
1690	28336	2	Genetic_Algorithms
1691	573978	2	Genetic_Algorithms
1692	1107861	0	Theory
1693	17488	1	Reinforcement_Learning
1694	1128198	2	Genetic_Algorithms
1695	1108597	5	Case_Based
1696	103515	2	Genetic_Algorithms
1697	27623	3	Neural_Networks
1698	200480	5	Case_Based
1699	103529	5	Case_Based
1700	649730	3	Neural_Networks
1701	39210	3	Neural_Networks
1702	46501	0	Theory
1703	27632	1	Reinforcement_Learning
1704	649739	3	Neural_Networks
1705	1119471	0	Theory
1706	103531	5	Case_Based
1707	470511	5	Case_Based
1708	509233	0	Theory
1709	236759	3	Neural_Networks
1710	237489	3	Neural_Networks
1711	1152944	1	Reinforcement_Learning
1712	1118764	0	Theory
1713	643221	4	Probabilistic_Methods
1714	212097	4	Probabilistic_Methods
1715	608326	2	Genetic_Algorithms
1716	643239	4	Probabilistic_Methods
1717	1131116	2	Genetic_Algorithms
1718	202639	3	Neural_Networks
1719	141324	2	Genetic_Algorithms
1720	294145	6	Rule_Learning
1721	1128927	6	Rule_Learning
1722	561610	4	Probabilistic_Methods
1723	561611	4	Probabilistic_Methods
1724	147870	3	Neural_Networks
1725	248395	3	Neural_Networks
1726	1128935	6	Rule_Learning
1727	241133	0	Theory
1728	141342	2	Genetic_Algorithms
1729	141347	2	Genetic_Algorithms
1730	1128946	2	Genetic_Algorithms
1731	1131164	4	Probabilistic_Methods
1732	12439	3	Neural_Networks
1733	1131167	4	Probabilistic_Methods
1734	1129683	2	Genetic_Algorithms
1735	359067	5	Case_Based
1736	117315	2	Genetic_Algorithms
1737	117316	2	Genetic_Algorithms
1738	144212	2	Genetic_Algorithms
1739	1106401	0	Theory
1740	1134022	2	Genetic_Algorithms
1741	13193	1	Reinforcement_Learning
1742	1131192	4	Probabilistic_Methods
1743	1107136	2	Genetic_Algorithms
1744	1131195	3	Neural_Networks
1745	1128982	2	Genetic_Algorithms
1746	121792	3	Neural_Networks
1747	653441	4	Probabilistic_Methods
1748	385251	0	Theory
1749	1126011	4	Probabilistic_Methods
1750	1134031	6	Rule_Learning
1751	642593	3	Neural_Networks
1752	1115166	5	Case_Based
1753	737204	3	Neural_Networks
1754	118079	1	Reinforcement_Learning
1755	1122460	3	Neural_Networks
1756	1114442	2	Genetic_Algorithms
1757	589923	4	Probabilistic_Methods
1758	1121739	1	Reinforcement_Learning
1759	626574	4	Probabilistic_Methods
1760	1126037	3	Neural_Networks
1761	645452	4	Probabilistic_Methods
1762	753264	0	Theory
1763	1126044	3	Neural_Networks
1764	74920	4	Probabilistic_Methods
1765	74921	4	Probabilistic_Methods
1766	1105718	3	Neural_Networks
1767	48764	1	Reinforcement_Learning
1768	48768	1	Reinforcement_Learning
1769	1113742	2	Genetic_Algorithms
1770	74937	3	Neural_Networks
1771	575402	2	Genetic_Algorithms
1772	168958	3	Neural_Networks
1773	78508	3	Neural_Networks
1774	289085	3	Neural_Networks
1775	78511	2	Genetic_Algorithms
1776	308232	6	Rule_Learning
1777	682508	4	Probabilistic_Methods
1778	75691	3	Neural_Networks
1779	75693	1	Reinforcement_Learning
1780	75694	1	Reinforcement_Learning
1781	155158	6	Rule_Learning
1782	1105764	1	Reinforcement_Learning
1783	1152259	4	Probabilistic_Methods
1784	579008	2	Genetic_Algorithms
1785	1128201	2	Genetic_Algorithms
1786	1133390	0	Theory
1787	1118083	3	Neural_Networks
1788	78549	3	Neural_Networks
1789	604073	3	Neural_Networks
1790	595056	2	Genetic_Algorithms
1791	1118092	1	Reinforcement_Learning
1792	1125386	0	Theory
1793	78552	3	Neural_Networks
1794	78555	3	Neural_Networks
1795	78557	3	Neural_Networks
1796	646900	2	Genetic_Algorithms
1797	595063	2	Genetic_Algorithms
1798	648369	3	Neural_Networks
1799	1128227	2	Genetic_Algorithms
1800	89416	4	Probabilistic_Methods
1801	578306	3	Neural_Networks
1802	683294	4	Probabilistic_Methods
1803	440815	4	Probabilistic_Methods
1804	126867	5	Case_Based
1805	126868	5	Case_Based
1806	72056	3	Neural_Networks
1807	1119505	2	Genetic_Algorithms
1808	1128256	0	Theory
1809	1108656	5	Case_Based
1810	71336	3	Neural_Networks
1811	1109392	3	Neural_Networks
1812	40886	3	Neural_Networks
1813	1115959	3	Neural_Networks
1814	578347	3	Neural_Networks
1815	284023	3	Neural_Networks
1816	345340	1	Reinforcement_Learning
1817	621555	3	Neural_Networks
1818	118873	3	Neural_Networks
1819	8687	6	Rule_Learning
1820	226698	3	Neural_Networks
1821	578365	3	Neural_Networks
1822	1135589	3	Neural_Networks
1823	8696	0	Theory
1824	1118823	0	Theory
1825	411005	3	Neural_Networks
1826	509315	2	Genetic_Algorithms
1827	171954	0	Theory
1828	230300	1	Reinforcement_Learning
1829	1105011	4	Probabilistic_Methods
1830	1121057	5	Case_Based
1831	592973	2	Genetic_Algorithms
1832	592975	2	Genetic_Algorithms
1833	48066	0	Theory
1834	248431	2	Genetic_Algorithms
1835	1121063	0	Theory
1836	592986	2	Genetic_Algorithms
1837	48075	6	Rule_Learning
1838	289885	4	Probabilistic_Methods
1839	592993	2	Genetic_Algorithms
1840	592996	2	Genetic_Algorithms
1841	28489	1	Reinforcement_Learning
1842	590022	4	Probabilistic_Methods
1843	111676	5	Case_Based
1844	13205	1	Reinforcement_Learning
1845	13208	1	Reinforcement_Learning
1846	102938	3	Neural_Networks
1847	102939	3	Neural_Networks
1848	416867	0	Theory
1849	72805	6	Rule_Learning
1850	574009	2	Genetic_Algorithms
1851	294239	3	Neural_Networks
1852	1131223	4	Probabilistic_Methods
1853	77108	0	Theory
1854	5064	5	Case_Based
1855	5069	5	Case_Based
1856	1131230	4	Probabilistic_Methods
1857	40125	4	Probabilistic_Methods
1858	1123215	0	Theory
1859	20526	1	Reinforcement_Learning
1860	20528	5	Case_Based
1861	77112	0	Theory
1862	107251	0	Theory
1863	107252	0	Theory
1864	5075	5	Case_Based
1865	126128	3	Neural_Networks
1866	734406	3	Neural_Networks
1867	40131	3	Neural_Networks
1868	703953	4	Probabilistic_Methods
1869	40135	3	Neural_Networks
1870	1131257	4	Probabilistic_Methods
1871	1123239	3	Neural_Networks
1872	1129778	2	Genetic_Algorithms
1873	662250	3	Neural_Networks
1874	711994	3	Neural_Networks
1875	273949	0	Theory
1876	1131266	4	Probabilistic_Methods
1877	1130539	5	Case_Based
1878	377303	2	Genetic_Algorithms
1879	179180	3	Neural_Networks
1880	1129798	2	Genetic_Algorithms
1881	1114512	6	Rule_Learning
1882	1110950	5	Case_Based
1883	12558	2	Genetic_Algorithms
1884	853114	3	Neural_Networks
1885	853115	3	Neural_Networks
1886	853116	3	Neural_Networks
1887	853118	3	Neural_Networks
1888	1114526	0	Theory
1889	212930	3	Neural_Networks
1890	206371	2	Genetic_Algorithms
1891	105856	3	Neural_Networks
1892	463	5	Case_Based
1893	20592	3	Neural_Networks
1894	51049	4	Probabilistic_Methods
1895	20593	3	Neural_Networks
1896	83746	3	Neural_Networks
1897	124734	0	Theory
1898	106590	4	Probabilistic_Methods
1899	1133417	4	Probabilistic_Methods
1900	1125402	4	Probabilistic_Methods
1901	1153024	4	Probabilistic_Methods
1902	853155	3	Neural_Networks
1903	1118120	3	Neural_Networks
1904	1105810	5	Case_Based
1905	1113831	2	Genetic_Algorithms
1906	646289	4	Probabilistic_Methods
1907	1106546	4	Probabilistic_Methods
1908	31479	4	Probabilistic_Methods
1909	31483	4	Probabilistic_Methods
1910	31489	4	Probabilistic_Methods
1911	94639	2	Genetic_Algorithms
1912	631015	3	Neural_Networks
1913	645571	4	Probabilistic_Methods
1914	1106568	3	Neural_Networks
1915	430711	3	Neural_Networks
1916	7296	3	Neural_Networks
1917	1132731	2	Genetic_Algorithms
1918	1153064	0	Theory
1919	93923	6	Rule_Learning
1920	1134197	3	Neural_Networks
1921	87363	2	Genetic_Algorithms
1922	395540	4	Probabilistic_Methods
1923	395547	3	Neural_Networks
1924	50381	0	Theory
1925	1129015	2	Genetic_Algorithms
1926	126909	4	Probabilistic_Methods
1927	143676	3	Neural_Networks
1928	395553	3	Neural_Networks
1929	752684	3	Neural_Networks
1930	1129021	2	Genetic_Algorithms
1931	19045	2	Genetic_Algorithms
1932	631052	3	Neural_Networks
1933	126912	4	Probabilistic_Methods
1934	116790	4	Probabilistic_Methods
1935	5869	3	Neural_Networks
1936	579108	2	Genetic_Algorithms
1937	683355	4	Probabilistic_Methods
1938	1105877	4	Probabilistic_Methods
1939	59772	3	Neural_Networks
1940	243483	2	Genetic_Algorithms
1941	126926	4	Probabilistic_Methods
1942	155277	4	Probabilistic_Methods
1943	1128314	2	Genetic_Algorithms
1944	1105887	6	Rule_Learning
1945	1110209	4	Probabilistic_Methods
1946	307656	2	Genetic_Algorithms
1947	199571	3	Neural_Networks
1948	1152394	3	Neural_Networks
1949	60560	3	Neural_Networks
1950	595193	2	Genetic_Algorithms
1951	990075	5	Case_Based
1952	119686	3	Neural_Networks
1953	1154520	3	Neural_Networks
1954	28504	1	Reinforcement_Learning
1955	1154524	6	Rule_Learning
1956	1154525	6	Rule_Learning
1957	1129096	1	Reinforcement_Learning
1958	1128369	2	Genetic_Algorithms
1959	96845	2	Genetic_Algorithms
1960	380341	3	Neural_Networks
1961	8766	6	Rule_Learning
1962	1110256	0	Theory
1963	55403	6	Rule_Learning
1964	389715	0	Theory
1965	1153816	2	Genetic_Algorithms
1966	131317	3	Neural_Networks
1967	260979	0	Theory
1968	264556	3	Neural_Networks
1969	35852	1	Reinforcement_Learning
1970	1119671	3	Neural_Networks
1971	1153853	2	Genetic_Algorithms
1972	1112417	4	Probabilistic_Methods
1973	1153860	2	Genetic_Algorithms
1974	1153861	3	Neural_Networks
1975	35863	1	Reinforcement_Learning
1976	1121176	5	Case_Based
1977	1131301	4	Probabilistic_Methods
1978	1131305	4	Probabilistic_Methods
1979	1105148	1	Reinforcement_Learning
1980	134219	2	Genetic_Algorithms
1981	671052	3	Neural_Networks
1982	1131312	4	Probabilistic_Methods
1983	156794	4	Probabilistic_Methods
1984	1153896	2	Genetic_Algorithms
1985	1153899	2	Genetic_Algorithms
1986	167656	0	Theory
1987	239829	5	Case_Based
1988	1104435	4	Probabilistic_Methods
1989	187260	5	Case_Based
1990	231198	3	Neural_Networks
1991	1131334	4	Probabilistic_Methods
1992	1131335	4	Probabilistic_Methods
1993	142268	4	Probabilistic_Methods
1994	504	4	Probabilistic_Methods
1995	506	4	Probabilistic_Methods
1996	228990	3	Neural_Networks
1997	228992	3	Neural_Networks
1998	1132073	3	Neural_Networks
1999	654326	2	Genetic_Algorithms
2000	1116044	4	Probabilistic_Methods
2001	1131359	2	Genetic_Algorithms
2002	643485	4	Probabilistic_Methods
2003	654339	2	Genetic_Algorithms
2004	1107319	0	Theory
2005	132821	0	Theory
2006	360028	0	Theory
2007	214472	1	Reinforcement_Learning
2008	646334	4	Probabilistic_Methods
2009	653628	6	Rule_Learning
2010	1107325	5	Case_Based
2011	166989	0	Theory
2012	1111788	0	Theory
2013	151708	3	Neural_Networks
2014	118259	1	Reinforcement_Learning
2015	32260	0	Theory
2016	137130	4	Probabilistic_Methods
2017	92589	4	Probabilistic_Methods
2018	118260	1	Reinforcement_Learning
2019	124828	3	Neural_Networks
2020	141596	3	Neural_Networks
2021	197452	3	Neural_Networks
2022	646357	4	Probabilistic_Methods
2023	1153106	3	Neural_Networks
2024	30817	3	Neural_Networks
2025	642798	4	Probabilistic_Methods
2026	1130676	3	Neural_Networks
2027	1107355	1	Reinforcement_Learning
2028	1118209	0	Theory
2029	987188	3	Neural_Networks
2030	87417	2	Genetic_Algorithms
2031	23545	0	Theory
2032	23546	6	Rule_Learning
2033	1113926	3	Neural_Networks
2034	94713	4	Probabilistic_Methods
2035	1107367	5	Case_Based
2036	987197	0	Theory
2037	521183	5	Case_Based
2038	1114664	5	Case_Based
2039	69296	2	Genetic_Algorithms
2040	51180	0	Theory
2041	43165	3	Neural_Networks
2042	1132815	3	Neural_Networks
2043	1107385	3	Neural_Networks
2044	100197	3	Neural_Networks
2045	520471	6	Rule_Learning
2046	215912	3	Neural_Networks
2047	61312	2	Genetic_Algorithms
2048	1129106	5	Case_Based
2049	43186	3	Neural_Networks
2050	1129111	3	Neural_Networks
2051	41732	1	Reinforcement_Learning
2052	22869	5	Case_Based
2053	9513	0	Theory
2054	9515	0	Theory
2055	119712	2	Genetic_Algorithms
2056	270456	3	Neural_Networks
2057	5959	5	Case_Based
2058	576362	2	Genetic_Algorithms
2059	1153183	0	Theory
2060	22874	5	Case_Based
2061	22875	5	Case_Based
2062	22876	5	Case_Based
2063	1124837	4	Probabilistic_Methods
2064	1132857	4	Probabilistic_Methods
2065	594511	2	Genetic_Algorithms
2066	22883	0	Theory
2067	238401	0	Theory
2068	1136449	3	Neural_Networks
2069	714208	4	Probabilistic_Methods
2070	9559	6	Rule_Learning
2071	135798	5	Case_Based
2072	1152490	3	Neural_Networks
2073	1109566	0	Theory
2074	1103038	5	Case_Based
2075	177115	5	Case_Based
2076	523394	4	Probabilistic_Methods
2077	1128453	2	Genetic_Algorithms
2078	1109581	4	Probabilistic_Methods
2079	101660	6	Rule_Learning
2080	101662	0	Theory
2081	9581	4	Probabilistic_Methods
2082	9586	2	Genetic_Algorithms
2083	1135750	3	Neural_Networks
2084	51934	3	Neural_Networks
2085	762980	3	Neural_Networks
2086	1153900	2	Genetic_Algorithms
2087	593859	2	Genetic_Algorithms
2088	714256	4	Probabilistic_Methods
2089	8874	2	Genetic_Algorithms
2090	25794	3	Neural_Networks
2091	75121	5	Case_Based
2092	28632	0	Theory
2093	1153922	3	Neural_Networks
2094	1119742	4	Probabilistic_Methods
2095	63549	3	Neural_Networks
2096	1138619	6	Rule_Learning
2097	1102364	4	Probabilistic_Methods
2098	28640	0	Theory
2099	28641	0	Theory
2100	409725	6	Rule_Learning
2101	292277	2	Genetic_Algorithms
2102	606479	2	Genetic_Algorithms
2103	1153942	2	Genetic_Algorithms
2104	1153945	2	Genetic_Algorithms
2105	1153946	3	Neural_Networks
2106	709113	6	Rule_Learning
2107	194609	3	Neural_Networks
2108	90470	4	Probabilistic_Methods
2109	820661	3	Neural_Networks
2110	820662	0	Theory
2111	1105231	2	Genetic_Algorithms
2112	73712	3	Neural_Networks
2113	54844	0	Theory
2114	684972	4	Probabilistic_Methods
2115	134314	4	Probabilistic_Methods
2116	735303	2	Genetic_Algorithms
2117	824245	3	Neural_Networks
2118	195361	1	Reinforcement_Learning
2119	529165	3	Neural_Networks
2120	1131414	3	Neural_Networks
2121	617378	3	Neural_Networks
2122	1120563	5	Case_Based
2123	47570	5	Case_Based
2124	684986	3	Neural_Networks
2125	735311	3	Neural_Networks
2126	187354	6	Rule_Learning
2127	1132157	4	Probabilistic_Methods
2128	58436	5	Case_Based
2129	278403	3	Neural_Networks
2130	58453	2	Genetic_Algorithms
2131	58454	5	Case_Based
2132	206524	6	Rule_Learning
2133	593104	2	Genetic_Algorithms
2134	133628	0	Theory
2135	46887	3	Neural_Networks
2136	49720	4	Probabilistic_Methods
2137	1131471	5	Case_Based
2138	643597	4	Probabilistic_Methods
2139	1107418	2	Genetic_Algorithms
2140	1129994	4	Probabilistic_Methods
2141	573535	0	Theory
2142	814836	6	Rule_Learning
2143	1119004	3	Neural_Networks
2144	1134320	4	Probabilistic_Methods
2145	1116181	0	Theory
2146	1108167	0	Theory
2147	1108169	3	Neural_Networks
2148	49753	4	Probabilistic_Methods
2149	57773	6	Rule_Learning
2150	7430	1	Reinforcement_Learning
2151	521251	5	Case_Based
2152	593155	2	Genetic_Algorithms
2153	642894	4	Probabilistic_Methods
2154	1126315	3	Neural_Networks
2155	1108175	3	Neural_Networks
2156	1059953	0	Theory
2157	521269	5	Case_Based
2158	1118302	6	Rule_Learning
2159	1130780	4	Probabilistic_Methods
2160	1134346	4	Probabilistic_Methods
2161	1134348	4	Probabilistic_Methods
2162	1135082	3	Neural_Networks
2163	899085	6	Rule_Learning
2164	124952	4	Probabilistic_Methods
2165	240791	2	Genetic_Algorithms
2166	189571	4	Probabilistic_Methods
2167	189572	4	Probabilistic_Methods
2168	1126350	0	Theory
2169	189574	4	Probabilistic_Methods
2170	177993	2	Genetic_Algorithms
2171	27230	6	Rule_Learning
2172	1119078	0	Theory
2173	128540	2	Genetic_Algorithms
2174	308529	1	Reinforcement_Learning
2175	54131	2	Genetic_Algorithms
2176	75983	3	Neural_Networks
2177	15670	2	Genetic_Algorithms
2178	33818	3	Neural_Networks
2179	95594	1	Reinforcement_Learning
2180	6782	0	Theory
2181	33823	3	Neural_Networks
2182	25805	0	Theory
2183	1153287	1	Reinforcement_Learning
2184	596075	5	Case_Based
2185	817774	3	Neural_Networks
2186	18532	3	Neural_Networks
2187	18536	3	Neural_Networks
2188	235670	6	Rule_Learning
2189	235678	6	Rule_Learning
2190	235679	6	Rule_Learning
2191	739707	3	Neural_Networks
2192	17811	2	Genetic_Algorithms
2193	503871	2	Genetic_Algorithms
2194	235683	6	Rule_Learning
2195	1128531	6	Rule_Learning
2196	594649	2	Genetic_Algorithms
2197	1128536	0	Theory
2198	1102400	0	Theory
2199	593921	2	Genetic_Algorithms
2200	486840	2	Genetic_Algorithms
2201	1127810	3	Neural_Networks
2202	503893	2	Genetic_Algorithms
2203	399370	3	Neural_Networks
2204	387795	2	Genetic_Algorithms
2205	220420	2	Genetic_Algorithms
2206	593942	2	Genetic_Algorithms
2207	8961	1	Reinforcement_Learning
2208	645016	4	Probabilistic_Methods
2209	481073	1	Reinforcement_Learning
2210	11337	0	Theory
2211	578650	2	Genetic_Algorithms
2212	1130069	3	Neural_Networks
2213	1127851	6	Rule_Learning
2214	124224	3	Neural_Networks
2215	37483	5	Case_Based
2216	578669	2	Genetic_Algorithms
2217	1127863	6	Rule_Learning
2218	1135894	3	Neural_Networks
2219	645046	4	Probabilistic_Methods
2220	22229	2	Genetic_Algorithms
2221	149669	4	Probabilistic_Methods
2222	365294	1	Reinforcement_Learning
2223	169279	3	Neural_Networks
2224	1138755	3	Neural_Networks
2225	323128	0	Theory
2226	22241	2	Genetic_Algorithms
2227	156977	3	Neural_Networks
2228	763010	3	Neural_Networks
2229	1120650	6	Rule_Learning
2230	1105344	3	Neural_Networks
2231	59244	5	Case_Based
2232	286500	2	Genetic_Algorithms
2233	567005	3	Neural_Networks
2234	644361	4	Probabilistic_Methods
2235	644363	4	Probabilistic_Methods
2236	154023	3	Neural_Networks
2237	286513	2	Genetic_Algorithms
2238	459206	2	Genetic_Algorithms
2239	671269	3	Neural_Networks
2240	1105360	6	Rule_Learning
2241	1112650	4	Probabilistic_Methods
2242	632796	4	Probabilistic_Methods
2243	47682	3	Neural_Networks
2244	47683	5	Case_Based
2245	47684	5	Case_Based
2246	4637	0	Theory
2247	642920	3	Neural_Networks
2248	634902	2	Genetic_Algorithms
2249	459213	2	Genetic_Algorithms
2250	459214	2	Genetic_Algorithms
2251	634904	2	Genetic_Algorithms
2252	459216	2	Genetic_Algorithms
2253	20821	6	Rule_Learning
2254	178718	2	Genetic_Algorithms
2255	1108209	2	Genetic_Algorithms
2256	1112665	3	Neural_Networks
2257	1104647	2	Genetic_Algorithms
2258	1140289	3	Neural_Networks
2259	66563	2	Genetic_Algorithms
2260	67292	3	Neural_Networks
2261	66564	2	Genetic_Algorithms
2262	154047	3	Neural_Networks
2263	642930	3	Neural_Networks
2264	654519	2	Genetic_Algorithms
2265	178727	2	Genetic_Algorithms
2266	1135108	4	Probabilistic_Methods
2267	593201	2	Genetic_Algorithms
2268	162075	3	Neural_Networks
2269	593209	2	Genetic_Algorithms
2270	107569	3	Neural_Networks
2271	1123530	2	Genetic_Algorithms
2272	1135115	3	Neural_Networks
2273	1132285	0	Theory
2274	1131557	2	Genetic_Algorithms
2275	162080	3	Neural_Networks
2276	3932	5	Case_Based
2277	593210	2	Genetic_Algorithms
2278	118424	3	Neural_Networks
2279	1135122	3	Neural_Networks
2280	634938	2	Genetic_Algorithms
2281	1131565	3	Neural_Networks
2282	20857	6	Rule_Learning
2283	118435	3	Neural_Networks
2284	118436	3	Neural_Networks
2285	643695	4	Probabilistic_Methods
2286	1130847	2	Genetic_Algorithms
2287	1111978	4	Probabilistic_Methods
2288	1154012	4	Probabilistic_Methods
2289	1108258	5	Case_Based
2290	49844	6	Rule_Learning
2291	49847	6	Rule_Learning
2292	189620	4	Probabilistic_Methods
2293	189623	4	Probabilistic_Methods
2294	1108267	5	Case_Based
2295	1050679	2	Genetic_Algorithms
2296	634975	2	Genetic_Algorithms
2297	1114838	0	Theory
2298	577227	2	Genetic_Algorithms
2299	28026	5	Case_Based
2300	601561	6	Rule_Learning
2301	24476	4	Probabilistic_Methods
2302	1026	2	Genetic_Algorithms
2303	95642	5	Case_Based
2304	270600	3	Neural_Networks
2305	145384	1	Reinforcement_Learning
2306	16461	3	Neural_Networks
2307	35335	3	Neural_Networks
2308	1138027	5	Case_Based
2309	1035	1	Reinforcement_Learning
2310	1114864	5	Case_Based
2311	1154068	4	Probabilistic_Methods
2312	449841	6	Rule_Learning
2313	1154071	4	Probabilistic_Methods
2314	1106854	3	Neural_Networks
2315	210309	0	Theory
2316	801170	2	Genetic_Algorithms
2317	251756	2	Genetic_Algorithms
2318	645870	4	Probabilistic_Methods
2319	144679	5	Case_Based
2320	1138043	0	Theory
2321	86923	3	Neural_Networks
2322	342802	3	Neural_Networks
2323	1152633	4	Probabilistic_Methods
2324	711527	0	Theory
2325	684372	3	Neural_Networks
2326	216878	0	Theory
2327	62274	0	Theory
2328	72406	1	Reinforcement_Learning
2329	101811	0	Theory
2330	246618	2	Genetic_Algorithms
2331	1136631	0	Theory
2332	1152676	2	Genetic_Algorithms
2333	235776	0	Theory
2334	57119	2	Genetic_Algorithms
2335	119956	3	Neural_Networks
2336	948147	3	Neural_Networks
2337	739816	3	Neural_Networks
2338	3222	5	Case_Based
2339	1117786	6	Rule_Learning
2340	1110520	3	Neural_Networks
2341	36802	4	Probabilistic_Methods
2342	3232	0	Theory
2343	3237	4	Probabilistic_Methods
2344	1111265	3	Neural_Networks
2345	695284	0	Theory
2346	37541	0	Theory
2347	1110546	2	Genetic_Algorithms
2348	71736	4	Probabilistic_Methods
2349	1135955	3	Neural_Networks
2350	12155	0	Theory
2351	258259	3	Neural_Networks
2352	1114118	3	Neural_Networks
2353	606647	2	Genetic_Algorithms
2354	12165	0	Theory
2355	1110563	3	Neural_Networks
2356	12169	0	Theory
2357	1133004	3	Neural_Networks
2358	1133008	3	Neural_Networks
2359	1102567	5	Case_Based
2360	12195	0	Theory
2361	28851	2	Genetic_Algorithms
2362	644427	4	Probabilistic_Methods
2363	1113438	2	Genetic_Algorithms
2364	1121459	5	Case_Based
2365	689439	6	Rule_Learning
2366	633585	4	Probabilistic_Methods
2367	31083	0	Theory
2368	6152	1	Reinforcement_Learning
2369	1119987	5	Case_Based
2370	1114184	3	Neural_Networks
2371	82664	5	Case_Based
2372	82666	5	Case_Based
2373	672070	3	Neural_Networks
2374	672071	3	Neural_Networks
2375	632874	4	Probabilistic_Methods
2376	1114192	3	Neural_Networks
2377	644470	4	Probabilistic_Methods
2378	5462	3	Neural_Networks
2379	594011	2	Genetic_Algorithms
2380	20924	4	Probabilistic_Methods
2381	1131634	3	Neural_Networks
2382	1120786	3	Neural_Networks
2383	1112767	3	Neural_Networks
2384	180301	4	Probabilistic_Methods
2385	160705	3	Neural_Networks
2386	628458	3	Neural_Networks
2387	628459	3	Neural_Networks
2388	1130915	3	Neural_Networks
2389	1116336	4	Probabilistic_Methods
2390	390889	3	Neural_Networks
2391	57922	0	Theory
2392	594039	2	Genetic_Algorithms
2393	13654	3	Neural_Networks
2394	57932	3	Neural_Networks
2395	73972	5	Case_Based
2396	198443	2	Genetic_Algorithms
2397	60159	3	Neural_Networks
2398	101143	5	Case_Based
2399	101145	5	Case_Based
2400	763181	3	Neural_Networks
2401	44121	4	Probabilistic_Methods
2402	593328	2	Genetic_Algorithms
2403	259772	5	Case_Based
2404	189708	4	Probabilistic_Methods
2405	60169	3	Neural_Networks
2406	24530	1	Reinforcement_Learning
2407	467383	2	Genetic_Algorithms
2408	20972	1	Reinforcement_Learning
2409	13686	3	Neural_Networks
2410	152731	3	Neural_Networks
2411	118558	1	Reinforcement_Learning
2412	118559	1	Reinforcement_Learning
2413	1154123	3	Neural_Networks
2414	1154124	3	Neural_Networks
2415	1126503	5	Case_Based
2416	40583	4	Probabilistic_Methods
2417	95719	4	Probabilistic_Methods
2418	693143	0	Theory
2419	36131	4	Probabilistic_Methods
2420	1123689	4	Probabilistic_Methods
2421	6913	4	Probabilistic_Methods
2422	256106	3	Neural_Networks
2423	36140	0	Theory
2424	1115670	6	Rule_Learning
2425	1108389	4	Probabilistic_Methods
2426	6923	6	Rule_Learning
2427	6925	3	Neural_Networks
2428	36162	4	Probabilistic_Methods
2429	62329	2	Genetic_Algorithms
2430	36167	1	Reinforcement_Learning
2431	6941	6	Rule_Learning
2432	245288	1	Reinforcement_Learning
2433	62333	3	Neural_Networks
2434	189774	4	Probabilistic_Methods
2435	1133846	3	Neural_Networks
2436	167205	6	Rule_Learning
2437	62347	1	Reinforcement_Learning
2438	267003	3	Neural_Networks
2439	1114992	3	Neural_Networks
2440	1112026	3	Neural_Networks
2441	1119295	6	Rule_Learning
2442	1111304	1	Reinforcement_Learning
2443	964248	4	Probabilistic_Methods
2444	45603	1	Reinforcement_Learning
2445	1109830	3	Neural_Networks
2446	1152761	2	Genetic_Algorithms
2447	62389	5	Case_Based
2448	444191	3	Neural_Networks
2449	263482	6	Rule_Learning
2450	263486	6	Rule_Learning
2451	263498	2	Genetic_Algorithms
2452	675756	3	Neural_Networks
2453	1125895	1	Reinforcement_Learning
2454	627024	3	Neural_Networks
2455	12211	0	Theory
2456	643069	4	Probabilistic_Methods
2457	1112075	3	Neural_Networks
2458	884094	4	Probabilistic_Methods
2459	120817	3	Neural_Networks
2460	1110628	4	Probabilistic_Methods
2461	18770	4	Probabilistic_Methods
2462	18773	4	Probabilistic_Methods
2463	173863	4	Probabilistic_Methods
2464	1130243	4	Probabilistic_Methods
2465	1102625	5	Case_Based
2466	63812	5	Case_Based
2467	18781	0	Theory
2468	18785	4	Probabilistic_Methods
2469	1129494	3	Neural_Networks
2470	578845	2	Genetic_Algorithms
2471	68115	5	Case_Based
2472	293271	1	Reinforcement_Learning
2473	63835	5	Case_Based
2474	1919	4	Probabilistic_Methods
2475	164	0	Theory
2476	293285	0	Theory
2477	12275	3	Neural_Networks
2478	1103383	2	Genetic_Algorithms
2479	1114239	2	Genetic_Algorithms
2480	6215	1	Reinforcement_Learning
2481	288107	0	Theory
2482	385067	5	Case_Based
2483	1121537	0	Theory
2484	1103394	5	Case_Based
2485	6224	1	Reinforcement_Learning
2486	2663	3	Neural_Networks
2487	104840	0	Theory
2488	632935	4	Probabilistic_Methods
2489	1106236	5	Case_Based
2490	375605	2	Genetic_Algorithms
2491	1132406	3	Neural_Networks
2492	28964	4	Probabilistic_Methods
2493	308003	6	Rule_Learning
2494	47839	1	Reinforcement_Learning
2495	753070	0	Theory
2496	563613	3	Neural_Networks
2497	1132416	3	Neural_Networks
2498	2695	3	Neural_Networks
2499	2696	3	Neural_Networks
2500	2698	3	Neural_Networks
2501	1105530	3	Neural_Networks
2502	1113551	5	Case_Based
2503	688824	3	Neural_Networks
2504	1138968	2	Genetic_Algorithms
2505	1120858	3	Neural_Networks
2506	40605	4	Probabilistic_Methods
2507	1132443	3	Neural_Networks
2508	1999	0	Theory
2509	33325	0	Theory
2510	644577	4	Probabilistic_Methods
2511	66751	0	Theory
2512	594119	2	Genetic_Algorithms
2513	1132461	3	Neural_Networks
2514	1115701	4	Probabilistic_Methods
2515	1131741	2	Genetic_Algorithms
2516	270085	2	Genetic_Algorithms
2517	1136040	3	Neural_Networks
2518	1131752	2	Genetic_Algorithms
2519	1131754	2	Genetic_Algorithms
2520	4878	5	Case_Based
2521	1123756	2	Genetic_Algorithms
2522	1135345	3	Neural_Networks
2523	1107728	3	Neural_Networks
2524	1154232	4	Probabilistic_Methods
2525	1154233	4	Probabilistic_Methods
2526	17363	3	Neural_Networks
2527	1213	6	Rule_Learning
2528	149139	0	Theory
2529	28230	4	Probabilistic_Methods
2530	50838	3	Neural_Networks
2531	1125906	4	Probabilistic_Methods
2532	32698	4	Probabilistic_Methods
2533	754594	3	Neural_Networks
2534	1133930	6	Rule_Learning
2535	1115790	3	Neural_Networks
2536	28249	1	Reinforcement_Learning
2537	1237	3	Neural_Networks
2538	684531	3	Neural_Networks
2539	238099	6	Rule_Learning
2540	131042	3	Neural_Networks
2541	444240	2	Genetic_Algorithms
2542	1112106	3	Neural_Networks
2543	27535	4	Probabilistic_Methods
2544	28267	5	Case_Based
2545	1120138	3	Neural_Networks
2546	1117920	4	Probabilistic_Methods
2547	1125944	5	Case_Based
2548	1118658	0	Theory
2549	263553	3	Neural_Networks
2550	1125953	6	Rule_Learning
2551	114308	1	Reinforcement_Learning
2552	630817	3	Neural_Networks
2553	687401	3	Neural_Networks
2554	594900	2	Genetic_Algorithms
2555	10174	0	Theory
2556	73323	5	Case_Based
2557	46431	3	Neural_Networks
2558	202520	4	Probabilistic_Methods
2559	15987	4	Probabilistic_Methods
2560	10186	0	Theory
2561	294030	4	Probabilistic_Methods
2562	675847	3	Neural_Networks
2563	190697	2	Genetic_Algorithms
2564	576795	2	Genetic_Algorithms
2565	1125993	5	Case_Based
2566	519318	4	Probabilistic_Methods
2567	1120197	3	Neural_Networks
2568	1152896	5	Case_Based
2569	1122304	3	Neural_Networks
2570	2702	3	Neural_Networks
2571	1129572	3	Neural_Networks
2572	1112194	3	Neural_Networks
2573	29738	4	Probabilistic_Methods
2574	1128868	3	Neural_Networks
2575	633721	4	Probabilistic_Methods
2576	630890	3	Neural_Networks
2577	1123068	4	Probabilistic_Methods
2578	561568	4	Probabilistic_Methods
2579	733534	3	Neural_Networks
2580	1102751	0	Theory
2581	1114336	5	Case_Based
2582	1123087	3	Neural_Networks
2583	6311	0	Theory
2584	116512	3	Neural_Networks
2585	6318	5	Case_Based
2586	7047	1	Reinforcement_Learning
2587	1123093	6	Rule_Learning
2588	1103499	4	Probabilistic_Methods
2589	151430	6	Rule_Learning
2590	431206	4	Probabilistic_Methods
2591	372862	6	Rule_Learning
2592	561593	4	Probabilistic_Methods
2593	1106330	5	Case_Based
2594	1105603	3	Neural_Networks
2595	1132505	3	Neural_Networks
2596	74821	4	Probabilistic_Methods
2597	6344	5	Case_Based
2598	116545	2	Genetic_Algorithms
2599	733576	3	Neural_Networks
2600	1112911	2	Genetic_Algorithms
2601	1105622	3	Neural_Networks
2602	1102794	6	Rule_Learning
2603	262108	3	Neural_Networks
2604	116552	2	Genetic_Algorithms
2605	41417	5	Case_Based
2606	1140543	3	Neural_Networks
2607	14529	5	Case_Based
2608	1117219	3	Neural_Networks
2609	1107095	6	Rule_Learning
2610	1140548	3	Neural_Networks
2611	523010	3	Neural_Networks
2612	42156	3	Neural_Networks
2613	262121	2	Genetic_Algorithms
2614	22564	5	Case_Based
2615	14545	3	Neural_Networks
2616	22566	5	Case_Based
2617	1106388	6	Rule_Learning
2618	429781	0	Theory
2619	335042	3	Neural_Networks
2620	219218	4	Probabilistic_Methods
2621	610529	3	Neural_Networks
2622	250566	5	Case_Based
2623	1104946	0	Theory
2624	195792	2	Genetic_Algorithms
2625	1152179	3	Neural_Networks
2626	89308	5	Case_Based
2627	350373	0	Theory
2628	628667	1	Reinforcement_Learning
2629	628668	1	Reinforcement_Learning
2630	102061	2	Genetic_Algorithms
2631	430574	3	Neural_Networks
2632	1107808	3	Neural_Networks
2633	1110028	0	Theory
2634	45052	4	Probabilistic_Methods
2635	89335	5	Case_Based
2636	252715	6	Rule_Learning
2637	4983	2	Genetic_Algorithms
2638	646837	2	Genetic_Algorithms
2639	1139009	3	Neural_Networks
2640	252725	6	Rule_Learning
2641	593544	2	Genetic_Algorithms
2642	299195	3	Neural_Networks
2643	593559	2	Genetic_Algorithms
2644	1108570	0	Theory
2645	272345	5	Case_Based
2646	593560	2	Genetic_Algorithms
2647	70520	1	Reinforcement_Learning
2648	131122	3	Neural_Networks
2649	8591	6	Rule_Learning
2650	217852	6	Rule_Learning
2651	264347	0	Theory
2652	7867	5	Case_Based
2653	27612	0	Theory
2654	1152917	4	Probabilistic_Methods
2655	28359	1	Reinforcement_Learning
2656	103528	5	Case_Based
2657	46500	0	Theory
2658	27631	5	Case_Based
2659	289779	2	Genetic_Algorithms
2660	103537	4	Probabilistic_Methods
2661	633081	4	Probabilistic_Methods
2662	255628	3	Neural_Networks
2663	397590	6	Rule_Learning
2664	1129610	2	Genetic_Algorithms
2665	50980	5	Case_Based
2666	28385	1	Reinforcement_Learning
2667	427606	2	Genetic_Algorithms
2668	616336	6	Rule_Learning
2669	1120252	4	Probabilistic_Methods
2670	1152958	3	Neural_Networks
2671	1152959	3	Neural_Networks
2672	1385	3	Neural_Networks
2673	254923	2	Genetic_Algorithms
2674	34961	3	Neural_Networks
2675	46547	0	Theory
2676	13136	3	Neural_Networks
2677	1131137	4	Probabilistic_Methods
2678	233106	3	Neural_Networks
2679	561613	4	Probabilistic_Methods
2680	1131149	3	Neural_Networks
2681	1104258	3	Neural_Networks
2682	1152991	4	Probabilistic_Methods
2683	447250	3	Neural_Networks
2684	115188	3	Neural_Networks
2685	102879	0	Theory
2686	1131150	3	Neural_Networks
2687	56708	1	Reinforcement_Learning
2688	1128943	2	Genetic_Algorithms
2689	134060	0	Theory
2690	102884	0	Theory
2691	1131163	3	Neural_Networks
2692	4274	5	Case_Based
2693	1131172	4	Probabilistic_Methods
2694	767763	0	Theory
2695	152226	0	Theory
2696	152227	0	Theory
2697	626530	4	Probabilistic_Methods
2698	626531	4	Probabilistic_Methods
2699	1131180	4	Probabilistic_Methods
2700	1130454	4	Probabilistic_Methods
2701	1131184	3	Neural_Networks
2702	1128974	2	Genetic_Algorithms
2703	1128975	2	Genetic_Algorithms
2704	1128977	2	Genetic_Algorithms
2705	1128978	2	Genetic_Algorithms
2706	117328	5	Case_Based
2707	24043	3	Neural_Networks
